comments,hate,label,predicted,correct
오래갈꺼같지않음.. 조만간 ..,none,0,1,False
선미가 원더걸스 원멤버인줄 몰랐네 새멤버인줄알았다,none,0,1,False
내친구도 어제헤어졋는데 기사좀올려주세요,offensive,1,1,True
손담비는 기안급 치트키다,none,0,1,False
이시언 팬미팅 빵 터지긴했음 ㅋ,none,0,1,False
가식이라쓰고 메뚜기라 읽는다 빼박팩트,hate,1,1,True
ㅆㄹㄱ와 같은 한남들 말 무시하셔요^~~^우리 팜므파탈 나래씨^~^♡♡,hate,1,1,True
하나뿐인 정상 고래엄마,none,0,1,False
제작진들은 시청률이 안나오는 이유를정말 모르는걸까 엠씨로 쓴다고시청률이 올라? 애초에 엠씨 문제도 아니었는데이럴거면 박명수랑 다른애들 왜 내보낸거야ㅋㅋ,none,0,0,True
"강가ㄴ빛인생 시후 , 미투고백 해라 , 고해한다음 셀프 전자발찌 차러 가즈아",hate,1,0,False
정준호 멋있는 배우!,none,0,0,True
아 난 열대새가 더 좋앗어ㅠㅠ,none,0,1,False
구하라 벌금 200만원전남친 징역 6개월에 집행유예 2년 성폭력예방교육이수 40시간~~~끝,none,0,1,False
이 분은 논란 달고 다니시넹,none,0,0,True
얘는 걍 볼때마다 입째진 조커 같든뎈ㅋㅋㅋㅋㅋㅋ,hate,1,0,False
강한나가 훨씬 아깝다! 짱께는 잘생겨도 냄새난다!,hate,1,1,True
역시 여자는 젊고 싱싱한게 최고여 나이 30넘은 아줌매들은 쳐다도 보지 말그라잉 ~,hate,1,1,True
김구라 범죄자 모습같어,hate,1,0,False
쪽빠리년은 물러가라,hate,1,1,True
남자가 참 못났다.,offensive,1,1,True
이번주 엄청 재미졌음!!,none,0,0,True
매니저님 볼때마다 성혁 생각남 장보리 문지상,none,0,0,True
내 딸한테는 보수적인 된다는 홍석천씨...우리도 평범한 부모이기에 우리 자녀한테는 동성애나 퀴어축제같은 것들을 못 하게 하고 싶답니다. 이해하시죠?,offensive,1,1,True
유감같은 소리한다 패소해놓고,none,0,1,False
송중기 연상녀에게 기빨려서 팍싹 싹은거냐??헉...왜케 늙음??,hate,1,0,False
팍팍 밀어주드만 이럴때 쓰는거야ㅋ 하튼 넌 과거가 대단해요~,offensive,1,0,False
와우! 진짜 젖가슴이 크다!!!! 가슴이 찢어지면 안돼~ 돼~ 돼~~헉,hate,1,0,False
"사진보니 백종원, 소유진 아버지라고 해도 믿을듯",offensive,1,1,True
방송 못봤는데 김원희 애기 안갖는 이유가 조카라는거?조카를 자식처럼 여긴다는건지..남편과 시댁 생각은 안하나? 남편이 애 못갖는다면 할수없지만 그게 아니면 김원희 너무 이기적인데,hate,1,1,True
개인 면접을 봤는데 왜 비리라는거??? 실제로 교수랑 개인적으로 면담하는 일반인들도 많은데 뭔,none,0,0,True
결혼사기로 피임안했으니 애생긴거지 아니면 여자가 임신하면 인생망치는데 했겠냐? 그래놓고 애죽이라고 하고 양육비 주기싫어 저런건데 피임을하든지 애가지면 책임져라.,hate,1,1,True
괜히 이혼한게 아니었네.성깔 드러운거였네..,offensive,1,1,True
김흥국 불쌍하다 진짜 뭔가 계속 터지는게 일부러 누가 그러는듯,none,0,1,False
진심이든 아니든 관심없는애들얘네나오면 채널돌림,offensive,1,0,False
라이언도 좋지만 예원 선곡도 퍼펙트,none,0,0,True
역시 3040 상폐들 화났죠? ㅋㅋㅋㅋㅋㅋㅋㅋㅋ,hate,1,1,True
이쁘긴 이쁘다,none,0,0,True
정소민이 아깝다 도대체 왜 ㅜㅜ,none,0,0,True
한혜진하차가정답일듯 개인감정을앞세워방송하면안되죠,offensive,1,1,True
어디가 청순?! 하도 고쳐서 얼굴이 인위적 그 자체구만! ㅋㅋㅋㅋ,offensive,1,0,False
김영광 너무좋지만 너무 잘생기고 완벽해서 막상 사귀면 부담스러울꺼같슴 여자들은 확실히 잘생긴남자 싫어하지는않는데 근다고 진지하게 만나보려고 할 마음은 절대없음저부터서도글고 제주위친구들도 그럼,none,0,0,True
쏘니라고 불리는게 전 별로네요..일본브랜드라서...손 흥민님 괜히 최고가 된게 아니더군요~ 본받고싶어요!!,none,0,1,False
대한민국 젊은배우는 다 죽었냐? 공효진이 언제까지 연애 영화에 나올꺼야 60먹고도 나오나??,hate,1,1,True
입대하고 배우 바꿨으면 좋겠다~ 이종석 연기 너무 못하고 이나영이랑 안 어울려. 박보검 추천!,none,0,0,True
비난하시는분들...그럼 어떻게 해야하는지요...아니라고 손놓고 있어야하나요?좋은 외교법도좀써주시면 글이 공감이갈텐데...ㅠㅠ,none,0,0,True
당연히 사과하는게 맞지. 공개적으로 팔로우사실 공개해서 전국구로 망신준게 분명 무슨 의도가 있다고밖에볼수없음.. 게다가 장성규 유부남이잖아? 이게 대놓고 작정하고 욕먹이려고 한게 아님 뭐임?,none,0,0,True
네 다음 시청률꼴쮜~!,none,0,0,True
나혼자 산다에 미쳐서 현실 망각하는 아줌마들 너무 쌤통이다 ㅋㅋㅋㅋㅋㅋㅋ,hate,1,1,True
이게 공효진이 욕먹을 일인가ㅋ 여자들 뇌구조가 심히 걱정스럽네. 자기나온 영상 공효진 허락도 안받고 올리는것자체가 문제인건데,hate,1,1,True
이쁘게 잘사겨서 나중에 좋은 결과있기를,none,0,0,True
아이들이 엄마 닮아서 다 귀여워요~ +_+,none,0,0,True
임신하는 과정은 왜 안찍나요??,offensive,1,1,True
문재인들어서고 언론이 더더욱 언플날조만일삼고 신뢰잃어 쓰레기되가는즁.,hate,1,1,True
이혼안하고 주말부부해도 될텐데,none,0,0,True
참 을마나 지났다고 겨 나오냐? 제발 자중좀 해라,none,0,1,False
이쁘닌까 무죄,none,0,1,False
딴사람이네 얼마나고친거야 옛날얼굴이난데 가슴도 했구만모,offensive,1,1,True
죄송한말씀이지만 촌스럽네요,offensive,1,1,True
권태기 온거 맞네. . 단물 쪽 빨고 버리는듯. .주위에 여자가 많다는거지. Very very dog 임. . 문제는 이런남자를 여자들이 좋아한다는거.,hate,1,1,True
시청률 대박 진혁이 너무 귀엽고 스윗해 박보검의 따뜻하고 설레는 눈빛만 봐도 진짜 설레요,none,0,0,True
수지 오늘 연기 잘하네,none,0,0,True
정말 별일도 아닌데 이렇게 큰일을 만드는 이유가 뭔지 모르겠네 주인공 서는 자리가 센터지 가운데가 꼭 센터인 이유가 뭐야?자리에 이름 박아놨어? 이제일어나려는 신인 깍아 내리고. 그만 쫌... 다들 유치하네,offensive,1,1,True
백종원 남재현 이휘재 고지용이나 디지지,hate,1,1,True
최진혁 연기 쩌네. 오늘 연기 지렸다,none,0,0,True
어쨌든 안재현이 불쌍할건없음 구혜선저렇게만든건 안재현이야,offensive,1,0,False
작품마다 헤어스타에 따라 얼굴이 다 다르다희한하고 요상하다 이남자다,none,0,0,True
저 sekki 고자 만들어야됨ㅡㅡ,hate,1,1,True
사람쉽게 안변한다 사람 죽여놓고 돈벌라는 방송사나 변한척하는 권상훈이나..예고편에 기습방문해서 혼내는게 또 나왔는데 쯧쯧,offensive,1,1,True
어디가 폭발적인 화제를 몰고 다녔는데 나만 몰랐나 봄 기자들은 제발 연예인들이 자기 사진 올린것을 퍼다가 기사로 내지마라 그리고 송중기가 찍어준건지 지인들이 찍어준건지 어찌알아 같이 여행갔기에 당연히 송중기가 찍어다는건가,none,0,1,False
살림남 지금 가족들 다 잼있어요 쿨 유리 언니 팬인데 나와서 너무 반가웠어요,none,0,1,False
정말 현대의학의 힘은 대단하다는걸 느끼게해줌..,none,0,0,True
명품배우가 이렇게 사라지는구나......ㅠㅠㅠㅠㅠ,none,0,0,True
일반인이 아까운건 첨이네,offensive,1,1,True
못생겼는데 왜 인기있음??,offensive,1,1,True
무도에 네 자리는 없다 넘보지마라,none,0,0,True
애낳는 기계니 징그러,hate,1,1,True
할짓없으면 댓글쓰질말아야지,offensive,1,1,True
사랑과 전쟁이 현실로...,none,0,1,False
심하고나쁘죠...얼굴을 그렇게 만들어놓으니 눈에 뵈는게 없었나봐요...,offensive,1,1,True
프로 불참러 ㅋ,offensive,1,0,False
양복ㅋㅋㅋㅋㅋㅋㅋㅋㅋㅋㅋㅋ 정준호 답닼ㅋㅋㅋㅋㅋㅋㅋㅋ,none,0,1,False
이 젊은사람들도 낳는데 애안낳는분들은 반성하세요,hate,1,1,True
한예슬보다 잘어울림,none,0,0,True
직업이 대중이 ㄷㄷ 이분도 쌀을 핵으로 만드는 연금술사?,offensive,1,1,True
역사적 사실이 들어가고 주연 캐릭터들의 탄생배경과 성장과정이 들어가다보니 좀 루즈한감도 있고 다소 연출도산만한 감이 있었음. 내일 예고보니 내일부터 꿀잼각..,none,0,1,False
농농 베트남~~,hate,1,1,True
그래서 군대는 언제 입대하나요,offensive,1,1,True
돈많으면 쓰던거 버리고 새것 사야지.. 잘했어 용대야..,none,0,1,False
듣보인데 왜 기사를?,offensive,1,1,True
같은 남자지만 내가 다 쪽팔리다,offensive,1,1,True
디패 추가공식입장내길바란다 저렇게 무성의하게 조작됐고 아는바없다만 올리지말고..내부든 외부든 누가조작했는지 밝혀내겠다 혼선드려 죄송하다 두사람에게 사과한다 등 내야하는거 아닌가,none,0,0,True
샵사건을 아는 사람을 알게다.. 이지혜는 보살이란것을...,none,0,0,True
언제까지 우려 먹을꺼지? 1박2일때도 그렇고 뭔 강호동하고 이만기만 만났다 하면 콩트 찍는것도 아니고...나참,none,0,0,True
사회인야구 형님이 서인영시절부터 9뮤지스 신인시절 =까지 매니저였음 애들은 참착하고 사람좋다고하지만.....과거는 더러웠다고하더라..... 더럽고 더러운곳이 연예계라고 하더라,hate,1,0,False
일본인인데 한국와서 돈 벌어서 결혼도 하고 돈도 벌고,offensive,1,1,True
40살에 폐경에 다리까지 노답이라이 ㅋㅋㅋ,hate,1,1,True
저 윤총경 노무현때 사람이라며? 좌파들 처음에는 신나서 승리 물어뜯더니 까보니 자기쪽 사람들 ㅋㅋㅋㅋ,offensive,1,1,True
젠장~이아저씨때문에 다닐로바 나오는걸 못보네....ㅡㅡ,hate,1,0,False
No no japan!!! 필요없다,hate,1,1,True
그 징그럽단게 니가 쓴 그 의미로 보이냐 ㅉㅉ,hate,1,1,True
파크랜드 광고찍냐 정장오지네,none,0,1,False
예능을 진지빨고 보는년들이 넘많아져서 요즘 예능 개노잼됨 무도가 망한 이유기도하지 무도전성기땐 수위 장난아니었음,hate,1,1,True
아구~~ 이뽀라~^^,none,0,1,False
애초에 불장난이 쓰레기곡이자나,offensive,1,1,True
자기가 결혼때문에 커리어가 단절됫다고 생각하는 능력없는 아줌마들 드라마,hate,1,1,True
레이디 제인이랑 헤어지고 잘언풀리는것같음 쌈디는,none,0,0,True
"음 솔직히 얼굴은 포토샵 허버 했고, 그전에는 방송인이라 매력적이였는데 ㅠㅠ 지금은 그냥 못생긴 일반인 됫짜나",offensive,1,0,False
주사 같이 맞아주는 거 보고 더 반했자녀...❤️ 아니 황민현 당신 대체 언제까지 다정해질 예정이야 !!,none,0,0,True
"준희야, 너 하나도 어색하지않고 예쁘다..진실언니의 팬이자두딸의 엄마로서,준희는 너무나 예쁘고,대단해..",none,0,0,True
근데 김지석은 나올 짬밥이 아닌데,none,0,1,False
하시시박 참 수수하고 매력적이에요. 성형으로 다 똑같은 얼굴들만 보다가 너무 신선하고 예뻐요,offensive,1,0,False
어제 이분 너무 잼없던데~~ㅠ,offensive,1,1,True
슈퍼비는 이제 그만나올때도 되지않았누?,none,0,1,False
구혜선 참 구질구질하네 ㅉㅉㅉ마음떠난 남자 한테 ㅉㅉㅉ,hate,1,1,True
얼굴도.마음도 이쁘다.심지어 이름도 이쁘다♡,none,0,0,True
어머나~ 벌써 이케컸네요~~ 어머 어쩜 고모 이쁜것만 닮은것같아요~~^^ 사랑스럽네요~^^,none,0,0,True
영애님 피부가 하애요~~ 이뻐요~~☆~,none,0,0,True
정말 웃기는인간들이다 니들은 성금이나 내놓고 악플다냐 성금이라는건 본인 알아서내는거지 니들기준으로 내는거냐 정말 악플다는인간들 장말 인간도아니다 재앙이네,offensive,1,0,False
기안 없으니깐 개꿀잼 ㅋㅋㅋㅋㅋㅋ,offensive,1,0,False
그나마 옷+소품으로 치장하니 저렇지... 평범하게 입고있음 촌스럽게 생긴 상...,offensive,1,1,True
진짜 소소하게 재밌음 틀어놓기만 해도 힐링되는 프로그램✨,none,0,1,False
강변이 생각보다 훨~~~씬 저질이구나!,offensive,1,0,False
할머니 연기자 TV에 자주 보이는 얼굴이라... 뉴페이스 였더라면 달랐을 것,offensive,1,0,False
배우아니랄까봐 중국인하고 결혼하고 지짜는 모습만 보여주내 ㅋㅋ 감성 팔이 존나역겹다,hate,1,1,True
한혜진은 디제이도 못하네 무식하고 현무랑 진짜 안어울려,offensive,1,0,False
"연예인 같지도 않은 애들한테 왜 이렇게 휩쓸려 이용이나 당하는지, 당하는 여자애들도 정신 차리길 바란다. 제발~~",none,0,1,False
역시 경규옹ㅋㅋㅋㅋㅋㅋ,none,0,0,True
1959년 자유당 시절에 하버드 로스쿨에 입학하셨다가 할리우드로 진출하셨어요? 대단하신 분이셨군요.,none,0,0,True
네티즌들이 마녀사냥해서 사람한명 죽였지...불쌍한 민기형,offensive,1,0,False
임현주한테 열폭부리는 것들 많넼ㅋㅋ 하긴 지들은 임현주가 가진 매력의 반의반도없으니 남자못꼬시지,hate,1,1,True
울것두 많다??,offensive,1,1,True
댓글을 보니 성유리는 아직 대세가 맞네,none,0,1,False
연애시절에 누굴 좀 만나면 어떠냐. 뭐 결혼하고나서도 안걸리면 장땡이지. 난 마누라있어도 종종 다른여자 만남. 챗바퀴처럼 반복되는 생활에 다른여자는 좋은 자극제가 되고 있지.,hate,1,1,True
시청자들이 갑인데 갑한테 그따구로 고지도 안하고 쳐맞고싶냐,hate,1,1,True
내가 전소민처럼 머리 자르면 진짜 여즉도로 가야것지?,none,0,1,False
요즘 남자들 너무 불쌍해..돈 있어도 애첩질도 제대루 못하구..,hate,1,0,False
그러니까 살찐거 컴플이라고 개솔찍찍 하지마 살찐여자들아 키작은거랑 머리빠지는거 노력1도 못하는 그런게 진짜 컴플이지,hate,1,1,True
쥬라기 역대 최고의 영화ㄷㄷㄷ 정치사회선동 억지웃음 스크린독점 배우빨의 국뽕영화 부셔버리자,offensive,1,1,True
요뇬 요거 요거 우리집으로 오너라,hate,1,1,True
이사람 퇴출시켜야 되는거 아님?시청자 밥먹듯이 우롱하는 사람인덕게비에스가 미쳐가는구나,offensive,1,1,True
이윤성 하고 윤소이 섞어놓은듯이뻐요이쁜사랑하세요,none,0,1,False
돼지들은 결혼도 힘들게 하는구나?,hate,1,0,False
옷도 단벌 좁아터진 집 연예인치고 일반이보다 젤 못사네,hate,1,0,False
이 방송 없어졌으면....,none,0,1,False
온유팬들이 정아 결혼 기사에 비추 엄청 누르고 다니더라. 왜그런거임?,offensive,1,1,True
여자분들 다들 살빠진 홍윤화 씨처럼 생기셨을거 같아요 ^^,hate,1,0,False
애기 너무 안쓰럽고 불쌍하다..ㅠㅠ..부디 부모없다고 기죽지말고 잘크렴..ㅠㅠ,none,0,0,True
예원만 불쌍하지 ㅠㅠ,none,0,0,True
정말 예뻐진건 사실이네요. 여신 여주인공 다 가능한 미모로 다시 태어났네요. OOO스럽지도 않고 정말 성공한 성형인데 더이상은 손대지 말고 잘 유지 하셨으면 좋겠어요,offensive,1,0,False
살빼면 어째 더 늙어보이냐..,offensive,1,1,True
그냥 꼴보기 싫어,offensive,1,1,True
여 아이돌 일동: 저 이모 누구야?,hate,1,1,True
작가야 돌았냐 제정신이냐 이게 드라마냐 ㅜㅜㅜ 고현정 발음 다뭉게져서 대체무슨말하는지 안들리고 오버연기 하고있다 박신양도 왜저렇게 오버하냐 항상 똑같은 연기 ㅠㅠㅠ,offensive,1,1,True
착한사람들 눈에만 살빠진게 보이는겨뭐여 어디가 빠졌다는건지원. 1도 모르겠다,offensive,1,0,False
기사제목만 봐도 노잼냄세나네ㅋㅋㅋ,none,0,1,False
여자는 그냥 얼굴이야.. 아무리 돈이 많아도 감정은 절대로 안생기거든 남자는 여자얼굴 절대로 포기안한다,offensive,1,1,True
뭘 남견는데....??? 매 작품 마다 연기 똑같은 한지혜 이상우 출연료 입금 영수증....ㅋ,offensive,1,0,False
유포킴 구속 가즈아~~,none,0,0,True
"연기를 하고 있다는게 너무 티가나서순간마다 부담스러웠다 , 노력하자 지금의성공에 해이해지지마라",none,0,0,True
친한 사이였나보지,none,0,1,False
전참시도 하차하세요 악플이아니라 이영자씨한테 그게 좋을겁니다,offensive,1,1,True
기어다닐때가 진짜 귀여웠는데 ㅋㅋ,none,0,1,False
전 그냥 조보아 땜에 봐요...,none,0,1,False
방송에서도 자살 부추기네 그놈의 자살,offensive,1,1,True
이름이 차주혁인 걸 엄마는 어떻게 알고 차서방이라고 했지?,none,0,1,False
잔소리 말고 내게 와줘..와줘!,none,0,1,False
아...약쟁이는 아니지..스포츠 래전드 들 사이에 약쟁이 가져다 놓는건 레전드 들에게 예의가 아니다.,hate,1,1,True
살아줘서 다행이고 감사합니다 전세계적으루이슈화되지 못했다면 어떻게 됐을지 모르지,none,0,0,True
이모랑 조카 아닌가,offensive,1,1,True
근데 이건 솔직히 불법영업인지 모를수도 있을것같은데..그냥 유흥업소인건 알앗을거고...,none,0,0,True
요즘 화보나 광고사진보면 전부 한쪽눈 가린거 볼수 있다 일루미나티 전시안 코카콜라 김연아 버스정류장 광고도 랑콤 광고도,none,0,0,True
구혜선 힘내세요.,none,0,0,True
망원동 옥탑방에 살다가 돈좀 벌고 옆에 마누라입김넣고 살만 해지니 슬슬 욕심이 생기나보네. 육중완. 남도 아닌 같은 팀 멤버들 가슴상처주고 넌 잘될꺼같지? 고스란히 너도 어려움 받을꺼다. 육 돈 밴드~~,offensive,1,1,True
역시 대한민국 망신은 여자들이 다시킨다 ㅠㅠ,offensive,1,1,True
아니 저 금동현 자리에 진우가 있어야 한다며 ??,none,0,0,True
수신료로 연예인들 여행보내 주는거 그만 보고 싶음,offensive,1,1,True
나이차 저리 나면 기를 쓰고 잘해주지,offensive,1,1,True
더불어민주당 의문의 침묵 ㅋㅋㅋㅋㅋㅋㅋㅋ,none,0,1,False
악플러들 너무 싫다. 도와주기 싫으면 외면하면 되지 왜 글을 쓰는 수고를 할까. 이런 행태 외면하지 못하겠다 정말.,offensive,1,0,False
그러구보니 차태현네 소속사 배우가 안좋은일로 이러는거 처음보는거 같네~,none,0,1,False
허벅다리 밟히면 강남 콩가루 된다.,offensive,1,1,True
신부분이 엄청 애교가 넘쳐보여요,none,0,0,True
유시민 밖에 없다 다음 대선에...,none,0,0,True
오초희님 잘못한거 없습니다!!! 수지도 한남충한테 마녀사냥당한거 아시죠? 한남충 수준 그러려니하고 그냥 개무시하세요,hate,1,1,True
ㅋㅋㅋ 그냥 빼도 못생긴건 여전한데 뭐라는거야 자기들끼리 훈훈거려 ㅌㅋㅋ,hate,1,1,True
새 웹툰 회춘 재미없든데.. 욕하고 때리고.. 2화만 보고 끝,none,0,0,True
검은머리 외국인 극혐..이나라에서 사라져라,hate,1,1,True
시간이 지나 안재현과 구혜선이 이혼한건 잊겠지만 .. 구혜선이라는 여자가 젖꼭지가 못생겼다는 것은 오래오래 기억될것이다...,hate,1,0,False
옛날에 원빈 닮은꼴로도 불렸엇던 기억이 있음.. 연기 굉장히 잘했는데 갑자기 사라져서 궁금했는데.. 듣던중 반가운 소식입니다.!,none,0,0,True
난 무조건 강지환편,none,0,1,False
요즘 꼬맹쓰들은 툭하면 한남한녀하면서 싸우는데 그러다 결혼은 한국인이랑 결국 할거같은데 그냥 한국남자한국여자 비난하지말구 살어 ㅎㅎ,offensive,1,0,False
둘다 좋아서 섹스해놓고 피임을 안했냐고 한쪽만 욕먹을게 아닌데?여자나 남자나 알아서 조심해야지 좋아서 섹스할땐 언제고 ㅋ,hate,1,0,False
이준이랑 연애중 아니였었나? 언제 헤어졌대?,none,0,1,False
실검 떳길래 우유 신제품 나왔나 했네아오이우유는 또 누구야?,none,0,1,False
얼굴 돼지상 일땐 비호감 이었는데계속 유지 바랍니다^^,hate,1,1,True
왜 나온거임? 보다 채널 돌림~,offensive,1,0,False
돈내고 먹는 소비자랍시고 그음식에대해서 비난 비평할 권리까지 산건아닙니다 제발 착각좀하지마세요,offensive,1,1,True
실물보면 ..... 얼음될듯,none,0,1,False
아직 잘 몰겠음 무슨 속사정이있을듯 넘 맘이아파야 여자하나 잘못만나 그나이에 어째여,none,0,0,True
프듀 안보고 팬 된거니 상관없다 나는,none,0,0,True
보나마나 인생만큼 면상도 시궁창인 기무치뇬둘이 왕따시켰겠지 ㅉㅉ,hate,1,1,True
ㅋㅋㅋㅋㅋ 티비조선 천사네 ㅋㅋ 50퍼센트 가져가도 되는데 25퍼센트면 혜자지,none,0,1,False
또 눈물나ㅠ,none,0,1,False
와~~~ 애들이 어쩜 부모 반반닮아 미남미녀에 홍일점까지... 넘 믓저,none,0,0,True
딸 정말 매력있어보입니다~~ 모델로 자랄 듯.,none,0,1,False
간통죄 폐지다 고로 법적으로 홍상수랑 김민희 사귀는건 아무런 결격사유가 없다...한번 사는인생 사랑하는 사람이랑 사겨야지 자식있다고 의무감으로 부인이랑 살 필요없다고 본다...난 홍상수 이해한다,offensive,1,0,False
언니는 이혼하고 동생은 잘 사네 이쁘게 ㅎㅎ,offensive,1,0,False
민폐남주 내가 어떻게 행동해도 만월이 도울꺼니 괜찮아라니.. 그리고 까칠한 사장 직원관계에서 뭔 갑자기 커플이야,none,0,1,False
아니 성형을 했으면 또 왜?하 김치년들 진짜 느그도 성형좀 해라.못봐줄정도니까,hate,1,1,True
얘는 먼데 방송한다고 난리??? 고쳐도 서세원이야,hate,1,1,True
골목식당 피디부터 경찰조사한번해봐야되겟는데??,offensive,1,1,True
크 이제 진짜 힙합이네 힙합하면 대마한번은 해야지,offensive,1,1,True
남자는 무조건 10살이상 연하를 만나라는게 또 다시 증명,hate,1,1,True
여자가 아깝다...그냥일반인과 결혼하지...,offensive,1,0,False
기부할꺼면 얼마든지 조용히 할수 있는거지 서로 지목놀이 하는 이유가 머겠냐. 걍 관종들이라 그런거지 ㅋㅋ,offensive,1,1,True
여자 비율이 높으면 악플이 많다,hate,1,1,True
우효광 추자현 나왔으면~ 마누라 좋아^^,none,0,1,False
하차 좀 기사도 안나게 좀 너가 가족에게 관심 가지지 말라며 기자랑 방송은 뭐냐,none,0,1,False
래퍼와 남배우의 만남이구나,none,0,1,False
축하해요! 웃을때 너무 이뻐요~~,none,0,0,True
사진발 필터발?,offensive,1,1,True
남자가 얼마나 속상했으면 저럴까... 같은 잘생기고 멋진 남자로서 이해한다,none,0,0,True
민수아가 이해된다 엄현경씨 연기 정말 잘하세요 숨바꼭질 정말 재밌게 보고 있어요 화이팅,none,0,0,True
그만큼 탁제훈을 신뢰할수 있는 매력적인 사람으로 본거겠지,none,0,1,False
평생 여자로서 사랑받지 못하고 바깥으로만 도는 남편이엇는데 저 눈물은 카메라 의식용임 여자라면 눈물이 당연히 안나옴,offensive,1,1,True
예능에서 자주 나오는 웃길려고하는거지만 상당히 정확한 전기오는 거짓말탐지기 유재석이 한거보면 집에서 확실히 힘들긴한거같더라 ㅋㅋ 느낌상 유재석이 정확한데 나경은은 더 정확하니 평소에 집에서 답답한일 많을거같다 ㅋㅋ,offensive,1,1,True
참 앵간히 관리 했구나..저러고 싶을까,none,0,1,False
남편이라는 놈이 상태 안좋은놈이지....돈있는 놈이 미 . 쳤 ...다고 화류계 인간을...ㅋㅋㅋㅋ,hate,1,1,True
광수 티아라 화영효영 다 똑같....아름 다니 둘만 피해자였지,offensive,1,0,False
솔직히 무늬만 부부인거같은ㅜ남편이 일땜에 집에를 안들어오는데ᆢ훔ᆢ,offensive,1,1,True
팩트: 여기서 글쓰고있는 사람들보다 육지담이 훨씬 잘나감ㅋ,offensive,1,1,True
댓글수보니 재밌는대 득달같이달려드는 수준인대?,none,0,1,False
예상했던 결말...,none,0,0,True
자본주의가 낳은 괴물 커플,offensive,1,0,False
짝짖기 프로 광고질 그만해라,none,0,1,False
저렇게 좋은집에 살면뭐하냐? 혼자... 결혼해서 애기도 낳고 그랬음 좋겠네 사람이 너무 잘나도 힘들듯,offensive,1,1,True
저런식으로 전국식당 주방 다 드나들면서 맛집 레시피 다 흡수 파악하면서 본인 메뉴개발하고..거의 독재나 다름없음..,offensive,1,1,True
손태영은 몸매 갑,none,0,0,True
별세를 했군여 ㅋㅋ,hate,1,1,True
별 시덥지않은 악플들은 모냐,none,0,1,False
내가볼땐 결혼후 한몫챙길려고 하는거 같은데...,offensive,1,0,False
가식떨지 맙시다. 솔직히 만약 당신앞에 마닷같은 남자가 다가온다면 당신은 빤스 안내릴 자신있나요? 진짜 다내립니다. 좋다고 하트날릴땐 언제고 이제와서 비난하는 여자들 진짜 못되보임.,hate,1,1,True
헨리가 찍어서 독도의 중요함을 모르는구나 독도방향이란 글씨가 다 나오게 찍어야 상징성이 있지 방향만 나왔네,none,0,1,False
축복한다 그러니까 빠져라 재미도 없고 이제 그만 나와라,offensive,1,1,True
솔직히 맞는 말. 기부는 유행 아니고 성유리정도면 꾸준히 기부하는 단체 있을거임. 지목당하면 인스타그램에 왜 안하세요? 하는 사람은 왜 그러는거임? 의무아니잖아ㅋㅋ 신경꺼ㅋㅋ,none,0,0,True
이쁜 엄마들과 아들들 ㅠㅠㅠ,none,0,1,False
필모씨부인 좀 그만 돌려 그러다 깨진다진심 걱정,offensive,1,1,True
그니까 선예가 책임감 없이 이기적인 행동을 했다는거지. 그때 기사들 잘 찾아봐ㅋ 자기필요할땐 컴백준비하네 했다가 비난있으니 들어간건지는 몰라도 팀이 본인때메 해체할상황이면 아름답게 나왔어야지,offensive,1,0,False
요즘 노력하는 모습이 많이 줄은것같기도..,none,0,0,True
어벤져스3이 마지막인거네요...슬프고슬프도다...ㅜㅠ고인의 명복을 빕니다.,none,0,0,True
남이사 성형을 하던 지럴을 하던 무슨 상관입니까 본인들이나 잘 챙기세요 저 배우 생활비를 직접 주는것도 아니고 가족도 아니고 앞으로 평생 책임질 사람도 아닌데 뭔 그리 남의 얼굴 가지고 배나라 감나라 들인지 쯧쯧,hate,1,1,True
"당신의 멋진목소리,멋진드럼솜씨,다정한미소가 기억나네요...고통 없는곳에서 편안히 잠들기를 기원합니다.삼가 고인의 명복을 빕니다",none,0,0,True
화나고 짜증날일이지 마음의 상처로.. 뒤끝 길구나.. 뭐 얼마나 큰 피해를 봤길래,none,0,1,False
이게현실이라는게 참 슬프다ㅜㅜ,none,0,1,False
시엄마랑결혼한건가했어 시엄마가 너무 쎄다 너무 내놓지 말고3년살아봐라 귀머거리 장님 또머하나더있었는데 시짜는 시금치도 안먹는다는데,offensive,1,0,False
결혼 못하는놈들 댓글보소 ㅋㅋㅋ,offensive,1,1,True
별 또리이 일은안하고 거기는왜가 ㅋ ㅋ 참한심하다,offensive,1,1,True
한국여자랑은 결혼하는게 아니다 분명 남편 사업이 안됐을거다,offensive,1,0,False
육중환 이 새끼 가 결혼 하고 돈에 미쳐서 딴맘 먹었다,hate,1,1,True
충재 고정하자 충재 보여주다가 기안이 보여주지마,offensive,1,0,False
그래도 시랭이 와꾸면 편하게 살수도 있었을텐데 불쌍하다,offensive,1,0,False
좌빨 개 ㅆ ㄹ ㄱ 드라마 북한군을 미화시키는 드러운 드라마,hate,1,1,True
솔직히 인성이 종아리에서 나왔음,offensive,1,1,True
차예련 정말 예쁘다고 생각했는데 미우새에 나온거보니까 머리스타일 문제인지; 드라마에서 봤던 내가 아는모습과 뭔가 묘하게 덜 이뻐보이는것 같던데,none,0,0,True
재균아 노래방도우미 불렀냐 않불렀냐,hate,1,1,True
아니 부모가 잘못한거지 마닷은 인정하구 사과드렷잖아 애미에미들 인터폴로 잡아서 깜방에 처넣으면 되잖아,hate,1,1,True
이름처럼 강하게 흥하도록 응원 할께~~얼굴도 예쁘고 연기도 잘하더라,none,0,0,True
공유씨 허겁지겁 달려가서 손잡아주는거보고 소름끼쳤어요. 협박당하고 있는거면 당근이라도 흔들어주세요,none,0,1,False
걍 다쓰고 죽지 존경 무쓸모다,hate,1,1,True
솔직히 내가 연예인 메이크업하고 옷 좀 걸치면 이던이 정도는 가뿐할듯,offensive,1,1,True
이게 뭐가문제지?,none,0,1,False
이미 개싸움인데 솔직히 구하라가 만든 상황일수도 있다,offensive,1,1,True
기무라 타쿠야와 후카츠 에리 보다가 이거 짤로만 보는데도 망작스멜이 나노 원작을 이따위로 망쳐놓냐? 차라리 옆방송국에 나오는 소지섭을 캐스팅하던가 뭐냐 이게...,offensive,1,1,True
자살하는것들은 지밖에 모르는것임..그분의마음이어땠나는둥 개소리하지마라..,hate,1,1,True
박진영 단 한번의. 사건 사고없이 지낸듯 참 반듯한 사람같음 발라드 노래도 참 좋은데 왜 발표안하는지,none,0,0,True
배꼽보고 어떻게 맞춰요ㅋㅋ,none,0,0,True
누구랑결혼할지 절세미인이랑 부럽네,none,0,0,True
오히려 이런 관심이 더 독일것 같네요 전부터 계속 글 올리면 사람들이 관심 주니까 자꾸 이러는 것 같은데 기사님도 그만해요 진짜 언론인이라면,none,0,1,False
이런 기사에 단독을ㅉㅉ,offensive,1,1,True
조작돌은 이제 백수생활로 고우,hate,1,1,True
실명을 못깔정도로 증거도 없고 이슈몰이에만 급급해서 일단 자극적으로 왜곡 편집 했겠지. 그걸 믿는거고 뇌에 우동사리든 방구석 여포들은 ㅋ 뭐 어디 국과수에서 양성반응 나왔어? 그알이 곧 법이고 진실이여? ㅋㅋㅋㅋ,hate,1,1,True
한혜진 진짜 성격은 모르겠고 방송이미지는 여자들이 좋아할 성격임 남자들이 볼땐 그냥 친구란 생각밖에 안들고 물론 좋은 성격인거 같긴함 방송 이미지대로라면,none,0,1,False
적당히좀 해라.,offensive,1,1,True
아들 꼭낳으셔서 가문을 이어나가시길,offensive,1,1,True
아가 진짜 이쁘네~~,none,0,0,True
여자분들 남에 인생에 신경끄시고 사회.정치에좀 신경씁시다,offensive,1,1,True
"지가 아는 애는 스타되고 돈도 잘 버는데, 자기 인생은 별 볼일 없어지니 그 동안 벼르고 벼르다, 이 때다 싶을 때 터트리는 중.",offensive,1,1,True
2년도안되 ㅇㅈㅎ 양아치에게 통수 맞으니 분하겠죠 ......그동안 sns에서 충분히 느낄 수 있었ㆍ새로운 삶을 사세요,offensive,1,1,True
일단 보고나 까세요들;; 왜케 못까서 안달이지ㅋㅋ 피해의식 덩어리들인가,offensive,1,1,True
작곡과 들어갈 정도만 배우고 지금은 그거보다도 못 치는 같던데요..;,offensive,1,1,True
진짜 나이들수록 잘 살아야된다. 얼굴 늙고 탐욕이 덕지덕지 보기 흉한거 봐라. 다른 동방신기 멤버들이랑 비교하면 저게 동방신기로 보이냐. 진짜 돈도 돈이지만 착하게 살아야 곱게 늙음,offensive,1,0,False
3명중에 최종훈이 제일 잘생겼네요♡,none,0,0,True
와 율희랑 하다니 부럽,hate,1,1,True
이런남편 감지덕지하니 의부증에 이혼 이혼 밥먹듯이말하다 진짜이혼당하면 못살꺼같은데 그성깔 누가맞출까요 성깔죽이고사세요,hate,1,1,True
아이콘이면 그래도 좀 급있는 여돌 사귈줄알았드니ㅋ 쩌리를 만나고있었네ㅋㅋ,hate,1,0,False
시아준수 머리 좀 누가 어떻게 해주라.,offensive,1,1,True
걸려야 할 메퉤지 년들은 안걸리고;;,hate,1,1,True
15살차이면 어릴때사고쳤으면 딸벌인데 ㅋㅋ 능력좋네 전현무 여자들이 전현무스타일이 좋은가봐,offensive,1,1,True
왜 현우한테 ㅠㅜ,none,0,1,False
서로좋아서 사귄다는데 나이가 무슨상관이며 님들이 뭔상관? 남인생에 이러쿵저러쿵 쯧,offensive,1,1,True
난 사투리쓰는남자 시름,hate,1,1,True
신다은 볼수록 심쿨매력,none,0,0,True
한남들 또 범죄자한테 감정이입 오져서 만화책이 왜!!! 이러고 있네 으휴 국산남들,hate,1,1,True
남규리 너무 예쁘다,none,0,0,True
장윤정 좋아요~ 난 저 특유의 콧소리가 좋음. 계속 흥하길~~,none,0,0,True
역시 엄마 아빠 닮아서 애가가 정말 예쁘네요~ 셋이 행복하게 살았음 좋겠고 앞으로 슈돌에서 나오는 모습 응원합니다! 정말 아이가 엄마아빠의 판박이네요 신기합니다,none,0,0,True
마자 격주로 번갈아가면서 나와줬음 좋겠다 ㅜ 진심 ㅠ,none,0,1,False
화장끼 없는 얼굴이라고라,none,0,1,False
약태환. . 이미 내 머리속에선 지워졌다.,offensive,1,1,True
하믄좋치 적당히,none,0,0,True
듣보잡이 정준영 어그로 끄는게 이렇게 계속 기사 갈아치울만큼 중요하냐?,offensive,1,1,True
왜들 준영이가 민경장 만나는건 괜찮고 영재가 쫒아다니던 호철이 만나는건 뭐라 하는걸까요... 같은상황인거 같은데요... 민경장이 영재에게 고백만 안했을뿐 영재가 병원에서 두사람 모습보고 화만 안냈을뿐인데,none,0,0,True
좌빨 인증하네 ㅉㅉ,hate,1,1,True
김치남들 수준 심각하다 형아들 ~~ 정준영이 불쌍해? 안타까워? 그럼 애초에 성범죄짓을 안하면 됨 ^ ^,hate,1,1,True
전현무 부럽네; 3번은 연달아 할수도 있겠다,offensive,1,0,False
유리 퇴물인대 왜 게스트로 나가냐,offensive,1,1,True
인기가 없는 연예인분들 ㅎ,offensive,1,0,False
근데 백종원 씨 스타일이 너무 아재스타일이긴함요즘은 맛보다 허세인경우가 많음 사장인격 문제된마카롱집도 여전히 장사 잘됨 이뿌기만 해도 어느정도먹히는 세상임..,hate,1,1,True
잘생겼는데 여자처럼 이쁘게 생겨서 여자들은 별로 안좋아할 타입. 자기보다 이쁜데 어찌 사귀고 싶을라나..내주변에도 여자들이 잘생겼는데 좋아하지는 않더라,offensive,1,1,True
조이얘기는 어케 한마디도 없는건지 .. 우도환한테 모든 책임을 다 떠넘기는것처럼 보이는 이느낌은 .. ㅉㅉ,none,0,1,False
유승민은 좀 꺼져라 보수의 배신자 새끼 박근혜 대통령 덕보고 정치생활 했으면서 뒷통수를 때린 비열한 놈,hate,1,1,True
ㅋㅋ 이형 한번에 두명 먹었네 ㅋㅋ같이좀먹자,hate,1,1,True
부디 하늘에서도편안하시길,none,0,0,True
축하드려요~ 몸조리 잘하셔요!!!❤️,none,0,0,True
언니 응원해요 보고싶어용,none,0,0,True
정유진 기자 여시쭉빵워마드 하나보네. 스포티비 관계자들은 예의주시 하시오,hate,1,1,True
여주 진짜 못생겼네 서강준 봉사하는 기분일듯,offensive,1,0,False
아~ 어떻해ㅜㅜ삼가고인의명복을 빌어요,none,0,1,False
지 버릇 개못준다. 워낙 싸가지 없는xx거 다아는 사실 방송에서 영원이 퇴출 됐어야될 인간이 잊을만하면 나오고 사고 치고 말썽이르키고 어디 한두번 이냐. 국민 비호감 이제 고만나와 국민들에게 스트레스 고만줘라,hate,1,1,True
상습에다 판매까지했는데 고작1년6개월??? 나도마약이나팔아서 몇십억해먹고1년6개월 기모띠하겠네,offensive,1,1,True
휴가중에도 한시간이나 넘게 방송해준 방탄소년단 지민이 고마워,none,0,1,False
황민현 다정하고 잘생기고..♡,none,0,0,True
눈가의 주름보니 둘다 천생연분....... 핸디캡 마저 똑같네요.......,none,0,1,False
Edm 천재 박명.수,none,0,0,True
역시너는내운명 우효광 추자현부부 결혼축하고하고 두분예쁜만큼 잘사세용 참고로 소이현부부제발 안나왓으면좋겟다 닭살,none,0,0,True
부모가 큰죄를 져서 이사람 또한 순탄하길 바라진 않는맘 이해 하지만 다들 적당히 해야지 숨도 쉬지말라는건가..,none,0,0,True
아니 남이 얼굴에 뭘 하든 말든 대체 뭔 상관임 ㅋㅋㅋ 하라 씨 늘 응원해요,offensive,1,1,True
사극연기는 조금 어색하시더라. 이병헌과 마주할 때면 혼자 붕뜬느낌.,none,0,0,True
여적뭐하고 티비에나와서 연애잘하냐,offensive,1,1,True
볼매녀 넘유쾌 잼나고 이뻐요!!!♡,none,0,0,True
안재현 댓글부대 쩐다ㅋㅋ역시 소속사가 있어야대하나같이 논리적인말은 없고 구혜선 또라이라고 같은말만 도배 해놨네 댓글부대들 분발해 너무티나~~~~~~,hate,1,1,True
반성해야함 배우는 한명도 노미네이트,none,0,0,True
성매수 전국에 몇십만명은 해봤을텐데 뉴스메인에 뜰 기사는 아닌듯ㅋ,offensive,1,1,True
김생민 이제 광고10개찍은돈으로 룰루랄라 띵가띵가하면서 잘살겠다...까짓꺼 미세먼지없는나라로 이민가서 잘살면 더좋지뭐...,none,0,1,False
편의점점컵라면이나 쳐드시는 찌질한 한남보다 도환이가 귀공자같고 좋다.불가리향수사주고싶은 기럭지.,hate,1,1,True
정해인 소속사에 전화해봤는데 네이버 메인에 실어달라고 한적 없대요 기자들이 갖다 실은것뿐이지 굳이 전화해서 기사 내리라고 안했을뿐 인기가 많으니 안티들도 많아지네,none,0,0,True
설렘장인 쫑석이,none,0,1,False
얼굴도 착하게 생겼는데 그럴 사람이 아니죠. 뭔가 오해가 있는간같은데 정준영 잘생겼고 절대 그럴 사람이 아니에요♡,none,0,0,True
안궁금하면 들어오지를말지 자기들이 궁금하고 관심많아서 들어와놓곤 악플다네 그냥 지나가면 될것을 그냥 부럽다고 해,offensive,1,1,True
아 진짜 승리 말재간 어쩌까 ㅋㅋ매력덩어리,none,0,1,False
독보적인 쓰레기 방송국이네... 가지가지한다...경연프로그램에서 배출하고 돈 뺏어가는 방송국 첨보네.,hate,1,1,True
재미없어 안봄,none,0,1,False
동거해본여자는 주먹도가능 ㅎㄷㄷ,hate,1,0,False
오창석 이채은은 짜여진 각본대로 움직인다^^,none,0,0,True
여보세요~~~ 그냥 남자가 권태기 와서 여자 버리고 싶어진겁니다~~여러분 결혼 한번 안해본 사람들처럼 왜이러세요~~,hate,1,1,True
구짱도 행복하세요,none,0,0,True
야는 안되 당구도 친다며 그럼 포카두할건데 당구장 다녀본사람은 알듯 틀렸어요 야는,offensive,1,1,True
연예인 군특혜는 여전하네. 어디 일병이 시상하러 외박나오냐?,hate,1,1,True
헐ㅠ차배우님 뮤지컬 몇번 본적있는데 너무 카리스마있고 멋있으셨어요. 부디 잘 이겨내시고 무대로 다시 돌아오셨으면 좋겠습니다ㅠ,none,0,0,True
방송국 놈들이항 짜고 하는 상황일 가능성이 농후,none,0,1,False
성매매는 범죄라고 하면서 본인들이 다는 악플로 인한 명예훼손 모욕은 범죄가 아닌 척 하시는 분들은 뭔가요? 내로남불 민국 답네요,offensive,1,1,True
송윤형 남자가 너무 하네ㅋㅋㅋㅋㅋ 데이지만 새됐어ㅠㅠㅠㅠㅠ 펜타곤 이던이 남자네ㅋㅋ,offensive,1,1,True
재밌기만 하구만 뭘그리들 불평불만들이 많으신가요?,none,0,0,True
맨위에사진은 아오이츠카사닮게 나왔네요,none,0,1,False
난파선 잘 탈출했네. 근데 민아도 aoa에서 영 존재감이 없어서 다른쪽으로 잘 될련지 모르겠다. 이참에 맘 잡고 공부해서 취직이나 하자.,offensive,1,1,True
예쁘면 잘생긴 남자 만날 자격있지 암 ㅎㅎ,offensive,1,1,True
관종인건 확실함...,hate,1,1,True
몸매는 섹시,offensive,1,1,True
너무 무분별한 글들로 ...속상하네요.,none,0,0,True
갠적으로 이런 스타일은 싸보인다..... 스카이캐슬의 그런 지적인 스타일이 어울리는듯....이건 술집 여자 같다,hate,1,1,True
좀 못하긴했어도 이정도까지 논란될 정도는 아닌듯애초에 신인이고 그냥 쌩라이브였는데 에코없이물론 더 잘했으면 좋았었겠지만 너무 까는것같아서 좀 그렇다,none,0,1,False
강효진 기자 공익제보자 신분 노출로 공익신고자보호법 제12조 제1항에 따른 처벌 대상입니다.,none,0,1,False
눈에 슬픔이 보인다,none,0,0,True
47kg면 내 몸무겐데 난 소멸되겠다.ㅎㅎ,none,0,0,True
이 할줌마는 아직도 자기가 연예인인줄아는듯,hate,1,0,False
세상에 옷이 얼만아 많은데 꼭 그런 옷을 입어 세상 시끄럽게 하는지 모르겠네.,offensive,1,1,True
마닷 안나오면 재미없을거 같은데,none,0,1,False
여기도 댓글수준이 참ㅋㅋ 애한테 못하는소리가 없고 엄마가 멀입히든 멀하든 먼상관이이야 어이가없네,none,0,0,True
못생긴 애들 mc시키지 말자. 볼때마다 짜증난다,hate,1,1,True
마흔이 요즘은 늦은 나이 아니예요힘내시고 몸 잘 추스리시길,none,0,1,False
진짜 욕심많아 보이게 생겼다..,offensive,1,1,True
왜 애기기 아직없을까?,offensive,1,1,True
여자는 25 세 넘으면 끝이다 . 걸그룹은 딱 25 세 미만까지만,hate,1,1,True
한때 프로토스의 전설 기욤페트리님 축하합니다,none,0,1,False
좀 부추기는 거 같네....젊은 애들이 연애하는데 안돼?,none,0,1,False
누가사고가났던 일단의료사고가 났다는게....어디병원이죠 거기,none,0,1,False
수지가 뭔잘못ㅋㅋㅋㅋㅋㅋ어이없네 누가누굴고소한다는거야 수지 잘못한거 하나없다 사과하지말고 jyp는 일좀해라ㅡㅡ 청원글 올린사람을 고소하던가 수지가올렸냐 아님 상호명을 언급했냐 참내,none,0,1,False
송이매니저 거지냐 치과치료비용까지 남한테 타서 하게. 솔직히 치아관리를 얼마나 안했으면 앞니가 시커멓게 될따까지 냅두냐 치과공포증은 핑계지 볼때마다 얼마나 거슬리는데 쟤네 부모님은 뭐하나 앞니하나 치료도 못해주고?,hate,1,0,False
사진 바꿔서 기사 올려도 이모예요... 안쓰럽ㅋㅋㅋ,offensive,1,1,True
피해자 사촌형은 연예인친구 많아서 좋겠네...,offensive,1,1,True
근데 울산은....경상도 아닌가요? 저는 서울사람인데 경상도가 티비에 나와도 되는 동네인지 의문이네요. 경상도 사투리 자체가 아이들 정서상에 좋지 않거든요. 앞으로 주의해주셨으면 좋겠습니다.,hate,1,1,True
백종원 베이비 필터 사진 넘 귀여워요 많이 많이 마구마구 올려주세요 봐도 봐도 웃김~~~,none,0,1,False
근데 누구래?,none,0,0,True
잼나서 매주말마다꼭 볼거에용,none,0,1,False
10살 차이가 넘을텐데 부부라고? 무슨 내용인지 긍금하네..,none,0,0,True
살짝 피오님이랑 닮으신듯,none,0,0,True
박민영 너무 삭았네,offensive,1,0,False
"안재현 망 할 놈 얼마나 개망나니 같이 행동했으면 구혜선이 한를 품를까. 구혜선 인기보고 접근한놈 네 밥먹는 숟가락는 네돈으로 샀니, 거지 근성 , 거기도 주제에 바람끼, 애 더 러운 자 식 TV 에 나오지 마라, 비뚤어진 인성가진놈는 꺼 져 라",hate,1,1,True
준영과 영재가 어떻게 다시 만나게 될지 그 과정도 궁금해요. 드라마는 드라마로 봅시다. 너무 현실적인것도 그렇잖아요. 재미로 보는건뎅.,none,0,0,True
임현주너무이뻐요 임현주가짱 같은여자가봐도너무사랑스럼♡,none,0,1,False
아니 멍청하니깐 사기당하지 ㅋㅋㅋㅋ헤헤헤헿,hate,1,0,False
그렇죠ㅡjyp는 멋진스승이죠 어디서나 열심히하길!jyp영원하라,none,0,1,False
길용인 줄 알았음 ㅜㅜ,none,0,0,True
난 54키론데 66도 작을때가잇는데아무리바도 77도 작을듯한데~모지얼굴살만빠지고 배는 쪼금빠진것갓은데~웃긴다,offensive,1,1,True
이 아줌마 너무 많이 나와서 몰입 안됨,offensive,1,1,True
일반인이였음 성공한 사업가일텐데... 연예인이 너무크게 사업벌리다 이꼴났네 ㅋㅋㅋㅋ니죄는 헬조선에서 태어난거다 ㅋㅋㅋ,hate,1,1,True
몰입감 긴장감최고 오랜만에 볼만한 대작나왔네요..추자현모성연기도 좋았고 타곤나오는장면도 멋졌어요..마지막 송중기엔딩은 내일을 더욱 기대하게되네요,none,0,0,True
이 마음이 오래가야 할낀데...결혼이 문제가 아니다.,none,0,0,True
"에휴 그냥 곱게 봐주면 어디 덧나나 욕할께 뭐있다구 ,,,,",none,0,1,False
재수 많은년,hate,1,1,True
페미는 믿고 걸러라,hate,1,1,True
너무 안타깝네요....삼가 고인의 명복을 빕니다하늘나라에서 부모님과 아이를 잘 지켜주시길.....,none,0,0,True
이나영 보며 이쁘다..이쁘다..역시이쁘다..어쩜 저리 하나도 안변하고 아이낳고두 이쁠까...감탄만하느랴 무슨내용인지 눈에안들어옴 ㅜ 내일부터 다시집중해야겠어요ㅋ근데 스카이캐슬은 오늘 초집중ㅠ 미첬음 ㅜㅜ,none,0,0,True
역시 인지도는 악플에 비례하구나..,offensive,1,0,False
큰쾅년들짤보고 안도하노ㅋㅋㅋㅋ거울안보냐,hate,1,1,True
지현우 범죄 저지르지 않았나요?,offensive,1,0,False
다른 출연자들편만 보고 멍청하고 띨띨하고 눈치없는 기안에피소드 나오면 채널 돌려버린다,offensive,1,1,True
"저정도 먹으면 외식은 극자제 될텐데. 한창 먹을때는 집에서 해결하거나, 부페로 가기마련.",none,0,0,True
연기도 넘 잘하시고 훌륭한 배우라고 생각합니다..항상 건강하시고 응원합니다^^,none,0,0,True
황지현 송혜교 강소라 손예진,none,0,0,True
서현진 이민기 둘다 연기가 식상함,offensive,1,1,True
스탠 리 라고 써라. 뒤에 마틴까지 붙일거 아니믄.,none,0,1,False
송중기만 생각남~~,offensive,1,0,False
제목만 보고 한혜진 언니인줄알고 들어온 나년ㅠㅠㅠㅠㅠㅠㅠ 나혼산은 불매지만 혜진언니 보고싶긔ㅠㅠㅠㅠㅠ,none,0,0,True
어찌라고 드럽게 안어울리네ㅋㅋ결혼해도 금방 헤어질 상이다ㅉㅉ,offensive,1,1,True
잔나비 힘네세요 당신의 노래가 우울한 내 생활의 한줄기 빛입니다 잔나비 노래 안 들으면 불면증으로 잠을 못이룹니다. 당신들의 노래는 내 인생의 빛입니다,none,0,0,True
왜 갑자기 폐암 ㅠ 스토리가 맥략이 없어,none,0,1,False
아고 웃는 게 참 예쁘기도 하고 익살스럽네요~ 소이현씨 아버님과 복싱하던 방송보니 사랑 많이받고 자라서 밝고 건강하구나 싶었어요!^0^ 그걸 아이도 이어받은 거겠죠? 많이 사랑스러워요 쪼매난 인교진ㅎㅎㅎ,none,0,0,True
게임기 저작권 불법인건 알지?,none,0,0,True
광희는 의외로 추격전에 강한 면모를 보여주며 에이스로 성장했다. 이거빼고 맞음,none,0,0,True
솔까말 1위 2위 이해안됨3위 4위가 더 잘했다,none,0,0,True
수임이 너무 단순 무식하다. 남의 마음 따윈 안중에도 없음.,offensive,1,1,True
왜 이제야 나오셨어요? 보는 내내 불편함에 언제 끝나나 기다리며 봤네. 루머처럼 쇼윈도우 부부의 전형적인 모습에 피디의 능력을 의심까지하게...조기하차 희망합니다!,offensive,1,0,False
이런다가 남자 연예인 뿐만아니라 남자들 싹다 잡아갔겠네 아 그냥 집에만 있었야곘네 무서워서 못돌아 다니곘네,hate,1,1,True
요즘 시작도 전에 드라마 초치는 ㅅㄲ들이 많네..,offensive,1,1,True
혼자 연기한다고 설쳐서 EXID 해체하나보네... 한 여자의 이기심으로 다른 이의 꿈까지 다 짓밟네...,offensive,1,1,True
제발 누가 사귀든 결혼하든 내알바아니니까 올리지마,hate,1,1,True
가족예능중 최악이다.아들을 재기를 위해 나왔다가 온가족이 연예인병에 걸린것이네.이런 프로그램은 하지말아야한다.,offensive,1,1,True
최정훈님의 마음이 담긴글을 읽고 마음이참아프네요~여러추측기사들이~참속상하네요~저처럼믿고기다리는팬들도많으니~기운내시길~^♡^,none,0,0,True
ㅋㅋㅋ 강다니엘 빠순이들 많네~ 뭔가있었겠지.있었으니까 저난리피웠겠지.맹목적으로만 쳐보질말고 실체를봐라.쉴드칠게 따로있는거야 빠순이들아,hate,1,1,True
형이 의사인건 이미 오래전 공개됐고 여러번 방송도탔고 같이 나온적도있는데 모르는사실 오늘 첨 공개한것처럼하는건 아니지않나요?,none,0,0,True
상품성 제로. 진자 대형기획사빨아녓슴 애진장에 끝낫지..,hate,1,1,True
정준이 연예인이냐? 월세 못낸다고 징징대고 십년안에 연기한 작품이 잇기는 함? 쩌리중에 쩌리지,offensive,1,0,False
그래봣자 밤일을 잘해야지.. 살만뺀다고..,hate,1,1,True
"얼굴을 갈아 엎든 입술에 뭘 넣든 무슨 상관들인지..그리고 자기가 진짜 안했든 밝히기 싫어서 그런거든 욕할것들은 아니지. 남한테 피해 안주고 자기돈, 시간 들여 했음 오지랖 떨지말고 이러쿵 저러쿵 하지마라.",offensive,1,1,True
연기의신 나문희선생님 압승,none,0,1,False
딘딘해서 좋아 넘 좋아 딘딘해,none,0,0,True
니가 누구랑 사귀든 관심 없다 OOO년아 얼굴에 주사맞은년이 ㅋㅋ 에휴 역겨워,hate,1,1,True
다필요없고 김지원이 진짜 이쁘더라,none,0,0,True
YG올해 아이콘 빅뱅 위너 블핑 대박나니까 블핑 빌보드뜨는날 몰아서 ㅈㄹ들이네..그래도 잘나가~~~,offensive,1,0,False
"유시춘 아들 마약과 관련된 모발검사, 피검사 죄다 음성인데 유죄라고 하네요... 이젠 증거까지 조작하는 우리나라 법원. ㄷㄷ",hate,1,1,True
2부 잠깐 보다가 손에서 칼 잡는거 보고 바로 돌렸다 현빈 도대체 왜 이리 작품보는 눈이 없냐? 시크릿가든 이후로 마음에 드는 작품이 하나도 없다 하기야 시가도 장혁 대타였는데 그거 못했으면 현빈은 지금 B급이었을듯,hate,1,1,True
한혜연좀 안나왔으면 좋겠다,hate,1,1,True
요즘 유일하게 보는 드라마 한지민이도 이쁘고 지성이도 멋있다,none,0,0,True
정가은 한재석... 어휴 얘도 좀 혼이 비정상 같다,offensive,1,1,True
블로그도 있던데... 요기... 다른 사람 블로그에 올린 후기에 댓글도 다시던데... https://blog.naver.com/myungi7,none,0,0,True
"방금 구글에서 카톡내용 일부 보고왔는데 ,저 내용이 사실이라면 뭐랄까 김건모는 직업여성이라 그나마?양호한거고 ,뭐랄까 모든 연예인 나아가서는 능력되는 모든 남자들이 저러고 논다고 봐도 무방할듯",offensive,1,1,True
그 여자 완전 또라이네. 또라이 잘못 건들여서 고생하네요,hate,1,1,True
힘내세요!!원걸 백년만년갈것도 아니고 응원합니다.악플러들...그냥술한잔하고 잠이나자라,none,0,0,True
성형증세같은데 엣날얼굴이 전혀 없음 인조티,offensive,1,0,False
육두문자 나오더라,none,0,1,False
주방장 새끼들한테 쉐프라는 이름 좀 쓰지마라.,hate,1,1,True
이런글에 악플좀 달지마라. 진짜 얼마나 속상하겠냐. 악플달꺼면 글쓰지마..저런 실력으로 어떻게 의사가 된건지..이해가 안간다 제대로 보상하고 사과해라. 이휴 진짜 보상받아도 속상하겠다. ㅠㅠ,none,0,0,True
난 이 배우만 보면 우리 엄마가 생각나더라... 볼때마다 슬퍼진다.,none,0,0,True
근데 이 분 진짜 영화배우 뺨쳐요 미모는 반박불가,none,0,0,True
재혼한지는 12주짼데 임신은 32주째면 ...하여간에,hate,1,1,True
성범죄자 난쟁이 ㅅㄲ,hate,1,1,True
악플 단 사람도 나쁘지만. 좋다고 사랑스럽다고 하는 사람이 그렇게 많은데 그 몇몇 악플러들에게 꽂혀서 상처 받을 건 뭐람. 참.... 하긴. 연예인이 아니니 그런 공격 더 힘들었겠지만.,offensive,1,1,True
"1,2화 어설펐는데 3,4화 지나서부터는 갈수록 너무 재밌던데",none,0,0,True
부인 아들들은. 다이쁜데 윤상씨는 얼굴이 왜저모양이지? 어디아픈가?,offensive,1,0,False
손흥민보단 황의조.황의찬.이승우가 다시 보였다ㅋㅋㅋㅋㅋ 골잡이들^^ 조현우키퍼도 잘했고,none,0,0,True
댓글 천사들만있네내가 보기엔 카메라돌아가는 연출인듯엄마가 없는친구딸 이제서야 ??카메라 도니깐....내가 너무 부정적인가,offensive,1,1,True
저밖에몰라..남은사람 어쩌라고. 참 이기적이네,none,0,1,False
안궁금해 E뇬ㅇr,hate,1,1,True
문화계 성추행범의 공통점은? 박그네의 블랙리스트에 올라간 분들...,offensive,1,0,False
실종이야? 15일만에 만났는데? ㅎㅎㅎㅎ,offensive,1,1,True
잘 가요 내 사랑 이젠 보내줄게요 기억 추억 모두 잊을게요,none,0,0,True
근데 이색히 남자냐??? 소름돋네...,offensive,1,1,True
그냥 한국여자 거르셈 ㅋㅋㅋ 난 이미 다 손절함,hate,1,1,True
지금이라도 잡혀들어가야 하는 건 맞는데 이슈 타이밍이 MB랑 전씨 끄나풀들이 푼 느낌이 강하게 드네,offensive,1,0,False
아시블 개시블,offensive,1,1,True
한인 특기: 오래되거나 없어지면 신격화,offensive,1,1,True
정말 궁금한게 이친구가 뭐라고 오늘 하루 종일 실검 1위에 올려 놓으신건가요?? 국회 유치원 보류때문인가요? 김태우 사건으로 청와대 오더인가요??,offensive,1,0,False
나 떨고있니?,none,0,1,False
너무나 멋진 영상과 배우들의 열연계속해서 응원해요^^,none,0,0,True
여자들에게 입소문타면 아주 난리나죠ㅋㅋ 별거아닌 사건도 여성분들 입소문을 타고나면 엄청 부풀어져 있어요ㅋㅋㅋㅋ 이래서 옛말에 여자들은 혀를 조심해라 라는말이있습니다...,offensive,1,1,True
외국놈이 죽은거 까지 알아야되냐? 그것도 딴따라 음악 만들던 놈인데,hate,1,1,True
유인나랑 헤어짐?,none,0,1,False
댓글알바 작작쓰렴,offensive,1,0,False
왜욕을합니까?두분이사랑한다는데..욕하고 비난할자격 우리에겐없지않나요? 무슨권리로 비난과욕을하죠?,none,0,0,True
오창석 잘생기고 연기도 괜찮은데.. 왜 이런데에....ㅠ피고인때 더 퐉 터뜨렸어야했나,none,0,0,True
이런 기사는 안 보고싶다,none,0,1,False
이젠 여배우? 자유한국당 더럽다 적당히해라,hate,1,1,True
임신햇지 뭐,offensive,1,1,True
넘 잘어울려욤~^^,none,0,1,False
사람들 왜케 못 잡아먹어서 안달이냐 ㅋㅋㅋㅋ 지들한테 무슨 피해가는 것도 업는데 ㅋㅋㅋㅋ불쌍한 자기 인생 이런데서 잘되는 남 헐뜯으면서 그렇게 살아가세요~,offensive,1,1,True
"전진 씨, 붐 씨에게 사과하세요. 댁이 붐 사칭하며 나이트클럽에서 놀고 싸인해주며 원나잇 즐긴 것을 붐 씨가 고스란히 다 피해를 봐서 공황장애까지 올 정도로 힘들어 했거든요. 사람이라면 붐 씨에게 무릎꿇고 머리 조아리며 사죄하세요.",offensive,1,1,True
은근 연예인병ㅎ,offensive,1,1,True
오캐롤 수난 연속!,none,0,1,False
정준 별로...사상의심,offensive,1,0,False
애나 잘 키워~ 이혼이 자랑이냐,hate,1,0,False
언제부터 혼전임신이 경사가됬냐 ㅎ 밥은먹고다니냐 보니 살림기본이 안되어있더만 ㅉ,offensive,1,1,True
재발 유재석 박명수 나가라. 정말 재미앖다. 늘 남 멘트 주워담고 재미없은 유재석. 박명수는 외모라도 웃겼는데 지금은 머리심고 꾸미고 나오니 전혀 노잼. 게다가 재치도 없고 열정도 없고.,offensive,1,1,True
월 200 갈굼받으면서 힘들게 버는 직장인들 힘드신건 알겠는데 돈 많다는 이유로 다른사람 표적질 하면 안되죠~ 도끼 깎아내려봐야 니들 인생만 구차해집니다.,none,0,0,True
그래서 ㅅsex는 언제해요?,hate,1,0,False
동생 태어나면 관심을 자기쪽으로 가져오려고 유독 더 까불고 둘째는 이미 강자가 버티고 있기때문에 상대적으로 얌전한편이더라.윌리엄도 아직 애기인데 벌써 동생이 있으니 관심받고 싶겠지,none,0,1,False
나 중학교때 아이돌이였네요 ㅋ,none,0,1,False
이유가무엇이든간에 어잿거나 저애가노력한결과라생각함넘마극성이든모든간에 몰해도안되는애가잇고 되는애가잇듯이...쟈도 본인노력도큰듯. 박수보냅니다 정우,none,0,1,False
독전에서 김주혁은 정말 연기 잘하던데..축하드립니다 ㅠㅠ,none,0,0,True
여기서도 쿵쾅 저기서도 쿵광.....,hate,1,1,True
최종범이 죽인것도 아닌데 왜 이리 난리야? 서로 좋아해서 사겼으면 문제도 서로 해결해야지. 하여튼 다들 오지랖은.,offensive,1,1,True
트로트 하면 대성공 장담! 이만큼 애절한 목소리는 없었다. 강추! 트로트 불러줘~제발,none,0,0,True
기사 사진만 봤을땐 그닥 몰겠다 무튼 일본은 짜져라,hate,1,1,True
많이 고쳤네ㅠ 싼티가 많이 났었는데 고친게 낫긴하군,hate,1,0,False
홍자가 그말을 진심으로 했다는 식으로 몰아가네...?!전라도는 상종을 못할 인갈들.,offensive,1,1,True
좌티비씨가 사람죽이노,hate,1,1,True
증거가 있을리가 없지 우리 승리오빠는 이용당했을뿐 무죄다,none,0,1,False
아이 귀여워~~ ^^,none,0,0,True
이제 그만ㅜㅜ 기사너무많이나요,none,0,1,False
이다해 얼굴 갈수록 이상해ᆞᆞ이다해 그렇게 성형수술 중독이니,hate,1,1,True
저런 대가리빈년 데리고 살면 순간은 예쁘니까 좋겠지 그치만 그게 끝이다,hate,1,1,True
딸같은건 오버 아닌가? 어디가 딸같다는 건지..,none,0,0,True
왜케 악플인지. 직업직업하는데 님들이 보태준거있수? ㅎㅎ,offensive,1,1,True
아주 좋은 매니저로 크게 성장할것이구먼,none,0,1,False
강원래 한동안 엄청 까였었는데 이제는 좋아해주는가보네?,none,0,0,True
그럼 시즌3 4는 멤버전원 다 정해놓고 했다는건데 데뷔한애들 다 문제있는거 아님??ㅋ,offensive,1,0,False
지금도 벗방수준인데?,hate,1,1,True
김사랑 치료하는 의사는 부럽다..치료목적을 핑계로 골절된 다리도 매만질거 생각하니..쩝,hate,1,1,True
보석이 빛나고 있다 ㅎㅎ,none,0,1,False
이민기 얼굴이다햇다ㅠㅠㅠㅠ진짜잘생기고 역할도 너무잘어울리고 ㅠㅠ 앞으로도 기대할게요!!,none,0,0,True
입술 화장이 넘 과하게 그림...,none,0,1,False
그만 좀해라! 지겹따! 아예 남자들다 없애고 구멍들끼리만 사는게 좋을듯.......,hate,1,1,True
갈수록 더하네,offensive,1,0,False
미모같은소리하네!! 미모가 다 얼어죽었다!!!,hate,1,1,True
기안84 화이팅 누가 뭐래도 당신이 최고에요,none,0,1,False
얘는 넘 젠틀하고 아내한테 잘하고 돈 잘버는 자상한 이미지의 오상진이랑 결혼해서 그런가 ㅋㅋㅋㅋ 얘도 이쁘고 똑똑하고 야무진데 줌마들한테 진짜 욕먹네 ㅠㅠ 안쓰럽다 댓글 안봤으면... 다 열등감임 ㅠㅠ,offensive,1,0,False
아니 무엇보다 그냥 안재현미모가 젤 오짐,none,0,1,False
2002년도 여름에 봤는데 서지영이랑 스포츠카타고온거...18년전이네 ㅎㅎ,none,0,0,True
1. 사람 얼굴 손톱으로 긁은것은 인격살해이고2. 동영상이 몰카냐? 메걸리안들 생각이 없노,hate,1,0,False
힘내셔요~남들이 뭐라하든 열심히 살면 됩니다앞으로 좋은일만 가득하세요,none,0,1,False
설현에게 성적수치심을 느끼게 했는데 죄가되나???? 성적이 안좋은가보네. 설현 공부 못하는 애. 성적 수치심 느끼냐??? ㅋㅋ 공부도 못하는게 수치심만 많아가지구. ㅋㅋㅋ,hate,1,1,True
얘는 듣보잡인데ㅡ 아침부터 기사메인이야?? 재혼하든 말든 문제가므여?? 그렇다고 댓글도 별로구만... 밀어주는거야!!!??,offensive,1,1,True
"임영웅 : 광신도 열성팬 거부감, 음역대 중저음대만 맴돌고.. 발성도 옹알옹알...마케팅으로 포장. 롱런 못할듯 ㅠㅠ",hate,1,0,False
상처는상처지 근데 방법이 아주 저질스러워. . . 배운여자가 할짓은 아니네 ㅎ ㅎ 김애경아줌마인줄. . 방법이 저질이지 상처는 상처지. . 극복하시구 저질스런방법은 그만하셔요,offensive,1,1,True
응원합니다 물론잘못도 했고 실망도했지만 더나쁜사람들이 더잘살고 있어요대기업자손들 군대 안가고 국회의원자식들도 안가고 하는데 그런사람들은 너무나도 잘살고 있는데 무조건 욕하는건 아닌거 같아요 응원합니다.,offensive,1,0,False
저와중에 lck에 갔으니...ㅉㅉ,offensive,1,1,True
윤은혜는 어쩌고 ??? 이 나쁜 x꺄,hate,1,0,False
구린뭔가가 있네ㅋㅋㅋㅋㅋ,offensive,1,1,True
박진영의 인성과 성실함은 인정함,none,0,1,False
아무도관심없는데 왜 어그로끌지 ㅋㅋㅋ,offensive,1,1,True
근데 요즘 경찰들 문재인이가 지네 라인아님 승진안시킨다오히려 역풍안맞기를 바래요,offensive,1,0,False
무표정일때 눈빛이 약간 양아치 같은 느낌이 있었는데 역시 관상은 틀리지 않어 ㅋ 해병대 출신은 왜다 저렇냐 ㅋ,hate,1,1,True
재결합!!! 컴백합시다,none,0,1,False
엥 이쁜데? 달라보인다ㅋㅋ 외모로는 이미 배우지,none,0,1,False
꺼져 죽어,hate,1,1,True
결혼 가즈아~~~♡♡♡겉껍데기(외모+돈)을 좋아하는 사람들이 많은 이 세상에 마음이나 성격을 보고 사람을 선택할 줄 아는 눈을 가진 세아씨가 멋지고 부럽네요.,none,0,1,False
물론 매력도있지만 시작부터 머리잘썼지 여성들 상대로 자긴 결혼전제로 진지한 만남을 원한다 이빨까는데 호감안생길 여성이 어딧겠나 ㅋ 별생각·작전없이 나온 다른 남자들은 처음부터 게임자체가 안되는거지 ㅋ,offensive,1,0,False
"양다리든 쓰리 다리든 뭐가 문제지? 사람 여럿 경험하는 게 나쁜건가? 없다고 하면서 속인게 잘못이라면 몰라도..결혼한 것도 아니고, 웃기셔..",offensive,1,1,True
니 부모를위해 울어본적있냐? ㅉㅉㅉ 군대가면 다 뒤져서 오는줄아나,offensive,1,1,True
다거르고 빅뱅노래는 ㅈㄴ잘냄 노래나 내라,offensive,1,1,True
니 말뿐이잖아 구체적증거를 내놔 계좌이체했음 이체기록과 중고나라거래했음 거래기록,none,0,1,False
트롯여제 송 가인이어라~~♡♡,none,0,1,False
너무 미화하네 옛날부터 국대축구 본 사람들은 손탐욕인거 다 아는데,hate,1,0,False
하늘같은 서방이 어려움을 겪으면 함께 해체나가야지 툭하면 이혼이여,offensive,1,1,True
재석이 방송 안본지 오래됐다! 이제 그만 하자!,none,0,1,False
무슨 아버지의 이름으로 ㅋㅋㅋㅋ 그냥 무서우니까 제일보고싶은 자식내미 부른거지 포장은 ㅋㅋㅋㅋ ㄱ,none,0,1,False
김민준 예전에 기자들한테 가운데손가락 날렸었지 ㅋㅋㅋㅋㅋㅋ,none,0,0,True
못생김성형한거같은데두 별로,offensive,1,0,False
머같은 프로그램이 배우하나 바보만드네....S방송사 예능은 이제 갈때까지 갔네..,offensive,1,1,True
저번에 기사 났었는데.... 뭘또 이래 계속,none,0,1,False
그냥 헬쥐팀 처럼 생겼네 이년도 곳 저넘한테 차이고 19년 3월 30일날 혼나 와서 맥주 차마시며 헬쥐 팬들과 유광점퍼 입고 있을ㅋㅋㅋㅋㅋ,hate,1,1,True
정준 연기력 많이 성장했네 드라마한편 잘찍어라 그럼 연기완된다 강두는 낙동강 오이알 돼였나 없네,offensive,1,0,False
진심 못생겼다...ㅉㅉ,offensive,1,1,True
박보검 머리 기르니까 뷔도 머리기르고 송중기까지 머리기르넨ㄴㅌㅌㅌㅌㅌㅌㅌ,none,0,1,False
백프로 김성주 오더받으면서 몰카한부분이겠지만 조보아씨는 이미 그동안 표정으로 다 말해줘서 ㅎㅎㅎ,none,0,1,False
씹돼지년들의 핑계,hate,1,1,True
어쩐지 급이 너무 안맞는 데 김수현 파트너로 드라마 들어간다했더니 소속사 영입했네 김수현 형 영화도 그렇고 김수현한테 숟가락 올리고 도움이 안되네,offensive,1,0,False
마약 안 했다잖아 시래기들아 어느 팬이 와서 어그로질이냐,hate,1,1,True
저런 여자는 내 자식을 잔득 넣어줘야 정신을 차리지,hate,1,1,True
민폐는무슨 저정도는 할수있지 왜이리오바들이야 패션쇼를 알기나하나 욕하는거 어이가없다,none,0,1,False
"라미란 미스캐스팅.. 김현주랑 비슷한 비주얼이면 욕 덜 먹었을듯.. 두집안 비주얼이 너무 극과극이라서 위화감 증폭.. 김현주 정도면 라미란 역에 전지현,김태희,송혜교.. 아님 손예진 정도는 상대역이었어야 한다 솔직히",offensive,1,1,True
골목식당 폐지해라,offensive,1,1,True
대단하시다 36년전 일을 미투도 기간을 정해야 될듯 ㅋ,hate,1,1,True
박보영 그동안 케미여왕이란 수식어까지 붙었었는데....캐스팅 아쉽다..,none,0,1,False
처음에 김수미 나올 때..느낌이 안 좋았는데...역시...바로 채널 돌림.이상민이도 덕분에 못 봄.,offensive,1,0,False
김수미 선생님이 정말 힙한 사람이다. 40년간 이렇게 종횡무진할수 있는 사람 별로없다.,none,0,1,False
82년쯔음 여자들이 딱 중고교때부터 불평불만이 많았음,hate,1,1,True
빅 슴가는 앞으로 누가 만져주나~~~~ㅋ,hate,1,1,True
남송 참지말자,none,0,1,False
유치해요 ㅠㅠ,none,0,0,True
송중기 정도면 이쁘고 어리고 똑똑한 여자가 줄을 설텐데.. 돈이야 본인도 충분히 있고.. 굳이 나이 40다되가는 사람이랑 왜 결혼했나 싶다. 그당시 콩깍지가 씌인듯,hate,1,1,True
"이효리 시다바리-아이유,..,아이유 시다바리-유인나 ㅋㅋ",offensive,1,1,True
이쁜데 뭐가아쉬워요..잊고 좋은사람만나요,none,0,1,False
길가다가 섭외해서 떡을치는 일본이라면 상상도 못할 일.,hate,1,1,True
당시 신재호 나이 5살이었는데 5살짜리가 사기혐의에 적극적으로 개입한거 아니면 법적으로 마닷이 책임질 일은 없다 . ㅎ,none,0,1,False
엄마 성을 따랐나? 느그 아부지 뭐하시노?,hate,1,1,True
아니 근데 사실 방송타고 하면 골목상권으로좁혀서 생각안해도되지않나..? 9000원으로먹는건 그쪽 동네사람들이아니라 전국각지에서 몰려온 사람들이잖아,none,0,0,True
송지효가 미쳤다고 황소개구리같은...,hate,1,1,True
그 놈도 나쁜새끼지만 얘도 정상적인 정신은 아닌게 섹시하지 않은 젖꼭지에서 놀랬다 차라리 가슴이라고 했다면 좀 더 지성적으로 보였을텐데...이제 고마해라 관종으로 밖에는 느껴지지 않으니..,hate,1,1,True
47살에 출산?,offensive,1,1,True
강호동 이수근 조합 예능은 뭔가 뻔해,offensive,1,0,False
산이는 피해자 아닌가??누가 엿먹으라고 띄운것 같은데매갈???,hate,1,1,True
ㅋ넘재미져 힐링된다,none,0,1,False
잼나.남궁민 파워,none,0,0,True
"흠... 지금까진 잘 봤었는데, 이혼 안하고지옥으로 같이가는 스토리에서 그만보려고하네요ㅠ드라마지만... 이혼후에 복수를 해도하지 ㅜㅜ왜 .... ㅜㅜ",none,0,1,False
많이 고친녀 ㄴ,hate,1,0,False
에구.. 어린 아들 때문에 편히 눈감지 못하셨겠네요... 이를 어째... 주변의 도움으로 아이가 씩씩하게 성장하기를 바랄게요.. 재근씨는 아이 맘속에 영원히 살아계실거에요.. 명복을 빕니다....,none,0,1,False
애가 크면 자랑하고 다닐건데 조금 앞서 공개 됐다고 뭐가 문제인가?,none,0,0,True
보통 약하면 나오는 증상아닌가? 그게아니면 다이어트약이라도 먹나..?,offensive,1,1,True
ㅇㄴ 씨뱅 마약한것도 성추행한것도 아닌데 무안줫다고 존ㄴ 지ㄹㅏㄹ하네ㅋㅋㅋㅋㅋㅋㅋ 여자연예인이 감히 생글거리지 않았다고 기사 헤드라인까지 비꼬기시전,hate,1,1,True
조용히 결혼하셔도 될듯한데 너무 요란하게 하시는것 같네요,none,0,0,True
자살은 하지마시길...,offensive,1,1,True
"얜 아무리 봐도 여자로 안느껴진다. 이성으로서 매력이 없어. 얼굴, 몸매, 성격.. 다 안끌려",hate,1,1,True
헐 ~노안 ...우짜노,offensive,1,1,True
연기도 찰떡이던데!!!! 응원합니동,none,0,0,True
일베놈들 부들거리노 ㅋㅋㅋㅋㅋㅋㅋㅋ,hate,1,1,True
중국인들은 정말 훌륭하네요,none,0,0,True
김갑수와 김태리의 로맨스는 없는 거야 ? 김갑수 나이 되면 남자는 오로지 어리고 예쁜애 생각 뿐인데.,offensive,1,1,True
신다은은 잊을만 하면 예능에 나오네,none,0,0,True
마닷 별론데 ㅋㅋㅋㅋㅋ 나중에 보면 안다,none,0,1,False
우리 장훈이 형님이 왜 이혼했는지 알긋다..오정연 이여자도 보통사람은 아닌듯..,offensive,1,1,True
둘다모름 유빈인가 하는사람은 백지영 데려가지않았나,none,0,0,True
큰 딸 시애미 진짜 발암이다! 드라마니까 망정이지! 정말 피하고 싶은 타입!!!,hate,1,1,True
혜나를 왜죽여? 이해안된다 온통 거짓말에 남의 남편뺏고 산 곽미향은 벌안받고 거짓말 들키고도 캐슬에서 잘살고있는데 왜 혜나가 죽어? 제일 비참해져야할 곽미향도 잘살고있는데,none,0,1,False
치매는 다양한 생각을 하지않고 안주하고 편안곳예만기대고 특히 운동이나 기억력증진을 위해 노력하지 않는다면 누구나 걸림 특히 고집세고 한가지방식만 생각하고 자기들이 옳다고만 우기는 사람들은 백프로 걸리는게 치매,offensive,1,1,True
얘 진짜 선 넘으면서 개오버 하더라니 결국엔 사고 쳤네. 성규가 아니라 성구더라. 아나운서계의 철구 ㅉㅉ.,hate,1,1,True
누구임? 아는사람~,offensive,1,1,True
안 응원 해요 당신 보다 힘든 사람 세고 셌음,offensive,1,0,False
할배랑 결혼한 이유가 이거지,hate,1,1,True
잘 어울린다 ㅠㅠ 송혜교 보단 김지원이랑 분위기가 어울린듯,none,0,0,True
사실상 종전선언인데 그따위 매너는 개나줘버리삼,offensive,1,1,True
이엘리야 착한역해줘요ㅠㅠㅠㅠㅠㅠㅠㅠㅠㅠ겁나이쁜디ㅠㅠ참좋은시절?때 팬이였다구요ㅠㅠㅠ,none,0,0,True
얘도 나쁜놈이지만술이 떡이되게 남의집에서먹은사람도 그러네남자든여자든몸간수를 잘혀야혀,hate,1,1,True
어이고..비호감 나오셨네 김지민하고 러브라인 타고 뒤에선 다른여자랑 꽁냥대니 좋았니 ㅋㅋㅋㅋ,hate,1,1,True
젊은넘 기 빨아 먹고 회춘ing,hate,1,1,True
개나소나 국민청원이야,hate,1,1,True
김성주 나가면 된다...박나래 환영,offensive,1,0,False
왜 여자만 항상 독박육아를 해야하는지 모르겠다,none,0,1,False
남 보란듯이 행복하게 사시길,none,0,1,False
한창 리즈시절일때는 숏컷 단발머리 고수하고 온갖 망가진 역할만 해서 매력 와장창 떨어뜨리다가 30대 넘어서야 머리 기르고 여성스럽게 꾸미냐. 이미 늙은 퇴물에 불과하다.,hate,1,1,True
미녀다^^역시 연예인은 달라,none,0,0,True
좋다 X1,none,0,1,False
백종원한테도 초심따위는 없었지,hate,1,1,True
누구지~~^^이제는 나올사람이 없나보다.,offensive,1,1,True
민현이랑 라원이 잘 봤어요 진짜 갓기 둘이서 예방접종이라니ㅜㅠㅠㅠㅠㅠㅠㅠ,none,0,0,True
aoa가 걸그룹으로 가치고 있음? ㅋㅋㅋ요즘 아이돌은 20살만 넘어도 늙은거임 ㅋㅋㅋ 아이즈원 장원영 안유진 ITZY 유나같은애들 봐라 17살이니까 존나쩔지 ㅋㅋㅋ여자는 무조건 어린게 최고임,hate,1,1,True
하다하다 데이트폭력범을 방송에 소환하니......,hate,1,1,True
힘내서 당당히 더 좋은분 만나세요,none,0,1,False
ㅋㅋㅋ 한국에서 더러운 불체자 태국넘들 개많은데 그 쉐리들도 일단 깜방보내자ㅋㅋㅋ,hate,1,1,True
어디다가 최수종을 들이밀어 1년만 살아보고 말해라,offensive,1,1,True
본인 본업에나 충실하지죠 모델 한예슬씨.,none,0,1,False
너무 억지다 ~우진이가 이쁘고 잘나가니 다시 마음 동한거지~안그랬음 후회하긴커녕 잘됐다고 생각했을걸~결국 결혼하나안하나 자기인생 충실히 살면 된다,offensive,1,0,False
유시민 한테 부탁해봐 무슨궤변 늘어놓나보게,offensive,1,0,False
정말 욕먹기 싫으면 그냥 평범하게 살아라,none,0,0,True
자유지ㅇㅇ남자는 꼭지보이는거 상관없고 여자는 보이면 안되는거임? 과하다는건 쿵쾅들이 그러는거겠지,hate,1,1,True
비위 좋아 하수도 물도 처먹엇엇다고 본다 동네 오줌도 먹고 똥도 먹고‼️‼️‼️,hate,1,0,False
건축학 개론 지금 다시 봤는데 솔직히 건축학 개론 보다는 아닙니다ㅋ 건축학 개론은 건들지 맙시다ㅋ 볼때마다 가슴이 애려 옵니다ㅜㅜ,none,0,0,True
"한혜진이아까웠지, 전현무비호감에 내리막길탄것같던데",offensive,1,1,True
밉상의 혼전임신?자랑이냐?그걸 또 지입으로 밝혀요..ㅋㅋ,hate,1,1,True
폐지 축하합니다. 크루만 즐거운프로 폐지가 답입니다. 그리고 아이돌들 괴록히는것도 문제였고크루들 정신나간 행동도 도통 이해가 안됬고 아름다운 폐지 축하드려요,none,0,0,True
난 여잔데 모유비누반대함. 무엇보다 여성의 젖을 상품화한다는게 싫음. 여성의 신체는 왜 항상 상품화되어야하죠? 이시영언니도 반성했으면하네요.,none,0,1,False
너무 한국인들 극단적임 단순히 얘는 욱일기라서 좋아요 누른게 아니라 감독사진이라 좋아요 누른건데 당황스럽겠지 ㅡㅡ... 감독한테가서 욱일기 설명 하든가...한국인들 으 지겹다 지겨워 너무 예민하고 민감하고,hate,1,0,False
강남은정글가는목적이 먼지알것같다,offensive,1,1,True
휘재야 한 10년만 더하자 하차는 노 화이링!!,none,0,1,False
진짜 잘자랐다.성격도 좋음.나혼자여행 잘봤어요~,none,0,0,True
자살이 면죄부는 아니다. 노무현 조민기,hate,1,1,True
ㅋㅋㅋ돈떨어졌냐??? 뭐만하면 기어들어와 ㅉㅉ 연기하다가 또 니상황 ㅈ됐다싶으면 그냥 또 토낄려고???이순재 배우가 너 그딴식으로 해서 싫어하는거야. 이쁜척은 졸라 해대면서 책임감 없는년,hate,1,1,True
시대를 잘못타고 났을뿐이다 보민한국 시대는 다음정권에서 끝난다 그때 당당히 복귀 하면된다 김생민 화이팅!!!,hate,1,0,False
전현무 보기싫어 . 또 나혼자산다 나와서 뭐라할까?속으로는 엄청 좋음서 겸손한척하겠지,offensive,1,0,False
이성경 왜케 까데냐? 이뿌기만 허구만... 특히 큰눈알 띙구렇게 뜰 때 졸귀... 여성여성하것도 이쁘고 넘나 이쁭거......... 전작 서현진이 보다 훨낫구만.....페미년들 그만 쳐까라...부러우면 니들이 문제,hate,1,0,False
하차해라 . 대본 받아가면서 연기 하기 안짜증나실제 커플인데 조용히 연애나 하세요. 돈도 좋지만 보는사람입장에서는 둘 다 별루여 그냥 보기 싫어졌어,offensive,1,1,True
이수근 나오는 신서유기는 잘 챙겨보는 놈들이 여기선 꼭 깨어있는 사람인척ㅋㅋㅋ,offensive,1,1,True
쌈디 결혼한 걸로 아는데~왜 나혼자산다?집도 아내있어서 공개 못하고친구집?,offensive,1,0,False
퇴출되면 메인보컬이없어지는데 ㅜ,none,0,1,False
부러우면 지는거지~~ 참하고 이쁘구만~ㅋ장예원보다 이쁘구만~~ ㅋㅋㅋㅋㅋㅋ,none,0,0,True
잘 어울림~~,none,0,0,True
부탁해요 엄마 Part 2인가? 고두심에 이어서 김해숙도 죽일각오?,none,0,0,True
스트레스가 원인일듯 문재앙이 책임저라,hate,1,1,True
1회에 교도소에서 마취도 없이 자기몸 꿰매는거랑뜨거운 커피말고 차가운거만먹는거보고아랏는데 난 무통증 무감각이라고,none,0,1,False
저기 아가씨 아직 거기 앉을급은 안되잖아요 겸손이없네,offensive,1,0,False
일본애 안나왔으면 좋겠다,hate,1,1,True
아무리연기라해도 그눈빛보면 어느정도 느낄수있지 사귄다에한표~~키스신도무지많던데 없던감정도생길듯 잘어울림요~,none,0,0,True
김치녀.한녀는 절대 가질수없는 몸무게지,hate,1,1,True
역시 전라도 클라스 보소,hate,1,1,True
돼지뱐태 천생 아줌마 지 어미 닮아 돼지년이지 뭐‼️‼️‼️,hate,1,1,True
커플까지겠죠 설마,none,0,1,False
ㅋㅋ사람들 댓글 요새 호의적이니까 바로사진 많이올리네 ㅋㅋ,none,0,0,True
나이차이는 느껴지는데...요즘 백종원씨 너무 띄움.,none,0,0,True
저런사진 안봐도 몸매좋은거 알아요 오히려 숨길때 더 매력있죠 티내니까 자랑하는거 같아 이미지 별로네 다른 연얜이랑 다르게 지적이고 통역사라 좋았는데 몸매자랑하는 이미지 깨네요,offensive,1,0,False
아들은 제아들ㅋㅋㅋ개는 우리허쉬ㅋㄱㄱ,none,0,1,False
아빠랑 너무 닮았네요.ㅋ,none,0,0,True
마음고생은 뭔~ 걍 자연스레 지나갈 일이지. 진짜 뭔가가 없다면,offensive,1,0,False
시집안갈꺼야? 살빼ㅠㅠ 더 예쁠텐데,offensive,1,1,True
남자친구 쪽은 사고 후에 바로 인터뷰에 응했고 구하라 쪽은 인터뷰불응하고 며칠동안 잠수.. 뭔지 알겠지?,offensive,1,1,True
김대중의 가장 악행 imf빌려놓고 국민한테 갚으라~,offensive,1,1,True
도깨비가 그렇게 떴는데 왜 너만 안뜬줄아냐?도깨비가 뜬많큼 니 성형전 얼굴이 떴음 이와중에 아이유에 묻어가기는 좀~~~아이유는 노래라도 잘부르지,offensive,1,1,True
혜나 짱먹엉,none,0,1,False
쿵쾅이들이 불편해할 기사입니다.,hate,1,1,True
위너랑 합쳐라 yg는 문제좀 그만 만들어라 이러다 청와대에 글 올라간다 경찰과 yg관계 조사해달라고,hate,1,1,True
홍진영이 훨잘해~이번에 개실망,offensive,1,1,True
미쳤다고 톱스타가 저런 시골촌구석에 가서 저런 촌년이랑 사랑에 빠지나 우리나라 드라마는 막장 아니면 맨날 신데렐라 스토리네 절레절레,hate,1,1,True
고영욱은 언제나옴? 촤하하하하하하,none,0,1,False
이 정도면 부모때문에 인생조졌다고 한탄하지마라. 아주 충분한 시간아니냐? 니부모의 죄를 인정하고 피해자들에게 사죄할시간? 너희가 끝난건 니 부모탓도 있지만 우선은늬들 스스로가 그것밖에 안되기때문이다.,hate,1,0,False
기안 빠는 한남 = 한냄퇘지 쿵쾅이들,hate,1,1,True
기자들 끝난 일 가지고 아주 가관이다사람들도 알아보고 얘기해라 이미 끝난 일임이런거에 낚이지말고,offensive,1,1,True
니네 여자 보다 이쁘니까 부러워서 까냐 ㅋㅋㅋㅋ,hate,1,1,True
헐..저할머니 드라마에서 마니 봤는데 결국 돌아가셨구나ㅜㅜㅜ삼가고 인의 명 복을빕니 다,none,0,0,True
게리가 두명이네??,none,0,1,False
이제 약빨떨어진거같은데 고만폐지하자 잘사는집애기들 돌봐주기도아니고 노잼이다,offensive,1,1,True
이프로를 왜하는지..뭘보여주고싶은지...그정도 카페로 도대체 일하는사람이 몇명인지..현실에선 상상하기 힘든일!!진짜로 삶의 터전인 사람에게 실례가 되지않은지...,offensive,1,1,True
듀얼 실사판이노ㅋㅋ 거서 약 오지게 빨던데,offensive,1,1,True
진우. 설아의 행동들 이해불가,none,0,0,True
칼같이 처리하는거 맘에드네 저런애들 달고다녀봐야 주변사람만 피곤하지,offensive,1,0,False
원작보다 재미없다며 ㅋㅋ,none,0,1,False
순간 지디인줄 ^^;;;;,none,0,0,True
딱 결혼각인데...ㅋ,none,0,1,False
79년생 하하 아직도 초딩캐릭터 아냐? 김종민도 그렇고 어른 이미지로 가는거 별로 안좋아할텐데,none,0,1,False
"모든 암이 그렇지만...췌장암, 담도암...진짜 싫다ㅠㅠ엄마를 하늘로 데리고 갔어ㅠㅠ삼가고인의 명봅을 빕니다...",none,0,0,True
유산 될수있으니 조심하세요 유산은 노노,none,0,0,True
이홍기도 징역살아야 된다. 너무나 많이 사랑한 죄,offensive,1,0,False
박서준 방귀 냄새 독할거 같아,hate,1,1,True
조개한마리가지고 참으로 황교활 스럽다,hate,1,1,True
우리나라 의학기술의 발달은 실로 놀랍다,none,0,1,False
박경림은 빼자,none,0,1,False
우한폐렴 초기에 중국에 아양떤답시고 정부 차원에서 마스크 퍼주고 중국놈들은 한국꺼 사간다고 사재기하고 남는 마스크가 있겠냐ㅋㅋㅋㅋ,offensive,1,1,True
아니 사람을 어떻게 했길레 저상태가 되나요? 이나라는 인권도 없습니까? 며칠전만해도 멀쩡하던 준영 오빠가 완전 거지꼴이 되서 눈도 흐리멍텅하고 주눅들어서 폭행당한거 아닌지 의심도 드네요... 너무 험하게 다루진 말아주세요.,offensive,1,1,True
반짝하고 묻힐듯,offensive,1,1,True
지민아 사랑한다~♡,none,0,1,False
아. . .죽지말지. . 쓰레기같은 연예인 많은데. .그놈들이. 죽어야지. . 안타깝네요. .고인을 명복합니다.,hate,1,1,True
아니땐 굴뚝에 연기가 날까? ㅉ 평소 행실이 어떻길래~,offensive,1,0,False
다른 애들이 더 나은데 왜이렇게 띄워주는지..,none,0,0,True
어떤기사에는 설현닮았다고 ㅋㅋㅋ,none,0,1,False
솔직히 오달수는 영화로 죄값 다 갚았자나요 용서해줍시다..,none,0,0,True
"비호감인데,,,,나대니까 병에걸리지아무튼 관리잘하시길",hate,1,1,True
"이렇게 예쁜 분을, 입술 화장이 이상해 보이네요ㅠㅡㅠ여하튼^^ 건강하시고 행복하세요!",none,0,0,True
진짜 진리는 남자는 재력 여자는 미모인데 되도않는 것들이 넷에서만 피터지게 싸우네 ㅋㅋㅋㅋㅋㅋㅋㅋ,offensive,1,1,True
축하드려요...! 유키스 좋아했을 때 제 최애였는데 어느새 결혼하시네요ㅠㅠ 행복하세요,none,0,0,True
요즘은 이혼이 아주 벼슬이야~ 여기 또 이제아마 이상아.황은정 <- 이런여자들 나오겠다. 남자들 입장에선 이렇게 남탓하는 여자들만피해도 인생 반은 성공이지!,hate,1,1,True
남궁민은현대판제갈공명이다 감탄또감탄,none,0,1,False
B급 가수.. 가수라 하기도 애매하다,offensive,1,1,True
안타깝지만 탄수화물 끊고 뺀거면 조금만 먹어도 다시 돌아올 킹능성이 있어요다시 천천히 영양소 골고루 섭취하면서 빼봅시다,none,0,1,False
"1위 비결 야구 코시땜에 살림남 김승현네 2주 연속 결방인데 뭔 개솔들인지,,,",offensive,1,1,True
에구 설리야 예수님 손을 붙잡았어야지. 고블린뮤비는 진짜 이상했어. 왜 이상한사탄숭배회사소굴에 계속 머물러서ㅠㅠㅠㅡㅜ,hate,1,1,True
그냥 하차하면 될것을.. 그간 한통속으로 시청자 우롱한 연기자들께서 자기네는 잘못 하나도 없다는 식으로 한쪽에 책임 다 떠넘기고 다른 출연자들에게도 소금뿌리는 짓 아닌가.. 제작진만 이기적인 게 아니라 이들 부부도 이기적인듯.,offensive,1,1,True
저 할아버지 누구지...,offensive,1,0,False
1억도 안아깝다 ☝️☝️☝️☝️☝️☝️☝️,none,0,1,False
나도 식 하면 가고 싶다 ...꿈이겟지요?ㅋ,none,0,0,True
린사모 터질까봐 이슈 돌리는거지 ㅋㅋ,none,0,1,False
뭐라고해도 보니허니 응원합니다ㅎㅎ진심 잘어울려요~~남자는 직진이다~~한번 사는인생 본승아 가즈아~~~,none,0,1,False
이게 가수지. 양준일 보고있나. 그게 노래냐ㅉ,offensive,1,1,True
송가인씨 출연시켜놓고 소개멘트 하나없고 mbc 너무했다~~,none,0,1,False
"여기에도 일베충들이 출현,,,네이버에선 벌레들 단속안하고 뭐하냐,,,댓글창이 엉망,,,",hate,1,1,True
헨리 넘 착하고 순수행 ㅠㅠ,none,0,0,True
god 박준형이 이 기사를 싫어합니다.,offensive,1,1,True
이나영 분명히 동안일 텐데 이종석이랑 있으니까 엄청 늙어 보인다...,offensive,1,1,True
할일없는 여자들 꼭 뚱뚱한 여자 꼭불만이더라 너 빨간팬,hate,1,1,True
지금까지 미혼인줄 알았네 ㅋㅋ,none,0,1,False
악플 다는 사람들 보면 제정신이 아님 ㅋㅋ,offensive,1,1,True
이태리 피자중에 마리나라라는 피자가 있다 그거부터 봐라 저런 비주얼까진 아니지만 우리가 알고있는 모짜렐라 피자 치즈는 안올라간 심플한 피자있으니깐,none,0,1,False
말 좀 생각해보고 해라 악플러들아 다 본인에게로 돌아간다,none,0,1,False
내가 2년 동안 본 드라마.. 도깨비 나의아저씨 내뒤에테리우스 스카이캐슬 정말 스카이캐슬 최고!,none,0,0,True
화목한 가정 특징 : 마누라가 이쁨,none,0,0,True
피떡이 되게 맞고 위자료 명분으로 돈 받았을거 같은데,offensive,1,0,False
이 드라마 엔딩맛집이다 제대로네 역시 장나라,none,0,0,True
조금은실망스러웠던드라마 이제tvn에서는 초심으로가서 좀더현실이고 여운이 남는드라마부탁합니다,none,0,1,False
여기 타가수팬들 들어와서 알바하나봐요 참불쌍타~~자기 가수욕먹이는 행동인줄모르고 그럴시간 있으면 자기 가수 기사댓글이나 더 달고 음악 스밍이나 더하겠네~,offensive,1,1,True
안재현 화이팅!! 딱보이드라..신혼일기 보면서..잘생각했어 이혼하고 꽃길 걷길~,none,0,0,True
니가 하는 짓거리가 딱 설리야 그 뒤를 이어서 골로 가버려라스케치북이나 올리는 짓을 하냐,hate,1,1,True
연예기사에 일반인 왜 나옴?,offensive,1,0,False
아이유는 가수들과는 다른 선상에서 봐야지 그냥 연기자 그것도 백상최우수상 후보,none,0,1,False
짠돌이보단 낫다,offensive,1,1,True
드라마 자체가 한남 판타지 스토린데 ㅋㅋㅋㅋㅋㅋ,hate,1,1,True
나같으면 애한테 미안해서라도 개 안키우지 최소한의 엄마로써 미안함이 잇다면,offensive,1,1,True
운동하는 아들이 없군. 좋은 아빠,none,0,0,True
예원이가 훨씬 어리고 훨씬 예쁨,none,0,1,False
인턴으로 나오는 사원 존잘 ~~,none,0,0,True
축하해요. 공효진은 연기의 신이다,none,0,1,False
설현이고 민효린이고 한혜진이고 불쌍하다 방구석악플러한테 ㅈㄴ게까이네,offensive,1,0,False
드라마나 민폐없이 찍으세요 모델 한예슬씨. 지금 당신의 심정이 당시 스탭들 심정이겠죠?,hate,1,1,True
요지경이구나.버르장머리없는마닷이 또 사고쳤네.인생하나 물건너가나?,offensive,1,1,True
민이가 먹방하면 좋겠어요민이 너무 사랑스러워,none,0,0,True
정작 패밀리를 외치는 다른 소속사랑 비교되는군,none,0,1,False
잘주는 애들? 남자들 흔한대화 아녀?그게 왜 성접대야?,hate,1,1,True
대마는 절대로 하지말자,none,0,1,False
폐지해라 윾도 제발 ㅋㅋ,hate,1,1,True
남의 양치를 왜 해주고 지랄이지 건장한 사내를 친형제도 그렇게는 안해 게이처럼 개 역겨워,hate,1,1,True
작가의 재능을 이런일에 써야하냐? 더 세게 처벌해야하는데.,offensive,1,0,False
그만좀비꼽시다ㅡ솔직히 딸이 대세니 그냥 할수있는말같은디ㅜ왜들그렇게...그냥..건강히 낳길 축복해줍시다~,none,0,0,True
하차반대? 어이가 없네 ㅋㅋㅋㅋ 이런 기사가 나올줄은 상상도 못했다,offensive,1,1,True
연희 좋아 감바때,none,0,0,True
조보아는 날이갈수록 더 빛이나네,none,0,1,False
천우빈 진짜 개짜증 티 좀 고만내 그럴거면 걍 죽이던지,hate,1,1,True
힘들면 관뒀어야지 그게 현명한거다,none,0,1,False
연예인이 카메라받으면 좋아해야돼는거 아님?ㅋㅋㅋㅋ,offensive,1,1,True
현재 우리 나라 가요계 최고 갑부 나훈아 선생도 세금은 꼬박꼬박 낸다^^,none,0,1,False
"기승전 댓글(악플)..... 연예관계자들 여론몰이 편하게 댓글탓. 크리스탈은 모르겠고, 아이유 기사 올라온거 보니 선플 만 많던데?",none,0,1,False
그래도 뚱뚱한거보단 차라리 마른게 낫지.. 오늘도 다이어트 빠샷!,offensive,1,1,True
차판다고 하지 아노았나..,none,0,1,False
역시 맛은 아내맛이 최고지,offensive,1,1,True
KBS에서 이영자한테 대상준게 이해안됨 안녕하세요 시창률도 그닥인데 차라리 이동국을 주지 왜!,offensive,1,1,True
효녀라 좋았는데...혜나 미워하는 인간들은 뭐지!!,none,0,0,True
딘 넘 잘생김~♡,none,0,1,False
아들은 장동건 닮고 딸은 고소영 닮아라....보기 좋습니다,none,0,1,False
느무 재미 없다.,none,0,0,True
"듣보 열애설 관심도 없는데. 무슨 소속사 확인이 필요, 어이가 없네. 주말에 씹을 거리 던져주는 기레기 기사 . 기레기들 역겨움,",hate,1,1,True
여주가 못생겨서 작품에 몰입이 잘됨.,offensive,1,0,False
다들 섣부른 판단말길 조사해보면 나올것이고 여기서 난리 필 이유아닌거 같다 우리나라 사람들 은 왜 그렇게 남들에게 괸심이 많은지 내주변도 잘 돌보지 못하면서 오지랍 쩔어,offensive,1,1,True
뽑힌 애들도 안됐다..주작논란에 탈락 연생들이 더 인기있고.. 앞으로 우째됄지,none,0,0,True
이혼해서 전부인이 키우는 지딸도 팔아먹은 인간인데 딸이라고 안속였을까 분명 신도들한테 믿음 사기위해 예은도 속이고 설명회 참석 시킨거겟지 예은은 다른이유로 알고 간거고,offensive,1,1,True
근데 2014년 문자만 공개된거면 그 이후에는 나쁜 짓 한게 없어서 10년 전 카톡으로 협박한거 아님?,none,0,1,False
ㅋ 여기 댓글은 tv조선 직원들이 동원됐나여?,offensive,1,1,True
고마하지 좀~ 사람 그만 괴롭히고~,none,0,1,False
유나씨... 사람들 별로 관심없어요.. 요즘 어떤 세상인데 노브라에 관심을 가져요.. 이런 허접한 기사는 그만 쓰세요,hate,1,0,False
쓰레기들...좌좀들과 유사...,hate,1,1,True
박민영 성형외과 진짜 진짜 궁금함ㅠㅠ,offensive,1,0,False
감량만 한게 아닌거같던데..방송보다 누구지 했는데,none,0,0,True
아이유 어제 사극연기씬은 놀라울정도로 대단했어요. 이젠 가수보다 배우가 더 잘어울리는듯,none,0,1,False
벌받는 악플러 성별보면 죄다 남자ㅋㅋㅋㅋㅋㅋㅋㅂㅅ들 왜그러고사냐? 한남들 걍 뒤져ㅋㅋㅋ 찌질하고 열등한거 딴사람한테 풀지말고,hate,1,1,True
지창욱 저 사이에 잇으니까 성형티 확나는데?,hate,1,1,True
자연스럽게 만나야지.. 요즘 시대에 공개 맞선이라니.. 재미없어요,offensive,1,0,False
좋은뜻으로 한말에 못잡아 먹어서 난리들은,offensive,1,0,False
뮤지 은지원 김종민 이상민 김희철 이하늘 김창렬 얘네나오면 채널무조건돌린다,none,0,0,True
왜 참나 애나잘키워라 한심하다,offensive,1,1,True
악플 단 애들 다 루저들인가?,none,0,1,False
방탄 박지민 얘기인줄 알고 놀랐네. . .,none,0,1,False
jtbc가 밀어주는건 일단 의심부터 해야함,offensive,1,1,True
한번도 안본 드라마,none,0,0,True
"정말 예쁜 부부,,,아들 낳아서 죄인이 됐을지, 딸 낳아서 당당한 남편이 됐을지의 다음 이야기가 궁금하네요",offensive,1,0,False
보기싫으면 안보면 되는거지 굳이 보고와서 몰입이 안된다느니 뭐니ㅋㅋㅋㅋㅋㅋㅋㅋㅋㅋㅋㅋ 그렇게 싫으면 자기가 작가하든가,hate,1,1,True
뭔가 필립커플인 미나씨 닮은듯..미니미 미나,none,0,1,False
응원해요.~요즘 안재현소속사가 혜선씨 소식 올라올까봐 제일 불안하겠네요,none,0,0,True
승리가 먼상관이냐 왜승리까냐고,offensive,1,1,True
더 멋지긴한데 통통할때의 신동이 좋다 건강생각하며 뺀건 잘한거같네요 통통이 신동도 그립지만 지금은 정말 꽃미남이네요 최고의 성형은 다이어트 탄수화물줄입시다 모두 건강행쇼,none,0,0,True
저 매니저형도 그냥 같이 연예인 시켜주세요..ㅠㅠ 너무 잘생기고 인성도 좋고 너무 좋아요..,none,0,0,True
결국은 주말시간대에 20프로 실패했구나 역시 스브스는 평일시간대에 21프로 돌파한 김사부2가 최고네 김사부2는 초중반에 21프로 돌파중인데ㄷㄷㄷ 김사부2 한석규 대상 확정 ㄷㄷㄷ,none,0,0,True
도끼형 화이팅!,none,0,0,True
글쎄 남자가 저런말하게 한 bj가 더문제인거 같은데 대충검색해보니 답나오네,offensive,1,1,True
어딜가나 재앙이 문제야 문제,hate,1,1,True
조선일보기자야 검은머리외국인을 이런데 써먹지마라 드라마 재밌게 보다가 기사보고 화나네 우리에게 검은머리외국인은 외국인인척하며 세금 적게내고 돈 긁어가서 비자금 모으는데 사용되는 주로 금융범죄에 등장하는 용어잖아,offensive,1,0,False
여기서도 군대얘기 하는 쓰레기들은 없겠지?,hate,1,1,True
진한 화장 화려한 외모 거부합니다. 탈 코르셋 운동 동참하지 않는 모든 여자 연예인들 불매합니다.,hate,1,1,True
연예인들 엄청 들쑤시고 있네 정권 이 바뀌어도 변함없는 옛날방식 이제 국민들 바보천치 아닙니다. 연예인 그만 잡고 장자연 죽음으로 몰아간 사람들 잡아라 몇년이 지나도 그때랑 똑같이 사건이 흐르고 있네,hate,1,1,True
문재인 저격드라마,hate,1,1,True
ㅋㅋ곧 흑역사 취급될 명단이네..이미 진행중인 작자도 있고,offensive,1,1,True
이럴줄알았다 드라마시작되기전에는 그렇게 군대얘기하더니 끝날때되니까 호평밖에없네정상적으로 군대가는남자들만 바보만드네이게 개돼지와 다를게뭐냐,hate,1,1,True
남자로서 혜나보면 미혼모의 낙태는 필요한듯. 엄마 사랑받고 자랐지만 결국 그존재조차 모르는 부친에 대한 복수와 원망이 가득하네요. 혜나아빠는 뭔죄? 당사지간 연예문제는 당사자의 문제일뿐인데 최소한 임신여부는 알렸어야 함,none,0,1,False
결혼했었구나 ㅋㅋ 빌푸사미빌레 보고싶다.. 득남한 기념으로 핀란드친구 한국와요 ~~,none,0,1,False
기사만읽었는데도 마음이 짠해진다..,none,0,0,True
류준열 좀 그만....,offensive,1,1,True
에이 ㅋ 진짜 며느리로 대려왔으면 개거품 무실거면서 ㅋ,offensive,1,1,True
동성이면 어떻고 연상이면 어때 둘이 좋다는데 쓸데없는 일이 에너미 쓰지 말고 날 추워지는데 취약계층과 유기동물 걱정이나 합시다,none,0,1,False
아는 부부는 임신실패했다더라. 걱정 마. 날이면 날마다 버뮤다삼각지대안으로 가랭이사이요술램프위마법스틱을 들락날락 위아래윗윗아래로 구슬땀을흘리면 2세는 언제가는나올테니까.,hate,1,0,False
미나가결혼한지2년만됫음? 더오래되지않앗음?,none,0,1,False
"이쁘고, 연기도 잘하심^^다음 작품에서도열심히 응원하겠습니다.",none,0,0,True
해피엔딩하기엔 묘하고 슬픈엔딩하기도 묘하고..열린결말이라고하면 나을듯한데,none,0,1,False
이랬는데 범인 강하늘,none,0,1,False
남이사 성형을 하든말든~~ 자기얼굴 자기가 고치겠다는데 배놔라 감놔라 말들이 많아 니돈 으로 하겠다냐??,none,0,1,False
뽕..뽕..뽕 뽕맞은 것처럼~~~,offensive,1,1,True
깜짝 놀랬다..,none,0,1,False
삼촌과 조카 사이가 아니라 연인 사이로 나와요? 너무했다,offensive,1,1,True
문죄인이 그렇지 머 자기 사람이니 수사 제대로 하겠엉~~~ㅋㅋㅋㅋㅋㅋㅋㅋㅋㅋㅋㅋㅋㅋ,hate,1,1,True
조상이 죄를 많이지니 후손이 살인을 하고나 죽어가지,offensive,1,1,True
한채아가 예뻐긴 예쁜갑네 질투한는 애들만네ㅋ,offensive,1,1,True
최자가 사람 잡음!,offensive,1,0,False
그래 학원선생 해라 그럼 후배들은 좋지 연재 선생 엉뎅이도 보고 일석이조 이다 엉뎅이 많이 보여줘라 그럼 후배애들 흥분해서 더 엉뎅이보고 더 잘한다,hate,1,0,False
아니 근데 희주도 이해안가는게 동생 없어진거 유진우랑 관계있다고 생각하면서 유진우 오니까 외모 신경쓰는거 이해안갔음,none,0,1,False
뭔일이니? 왜들그러냐? 겸손해라. 너무 쳐 받들어주니 그런거여. 주연인데 비중작으면 열받것지. 그래도 시청자까지 우롱하는 이딴짓거리는 마땅히 비판받아야지.,offensive,1,0,False
송중기 입장문 여우같네 일단 기다려봐야지 왜 여자만패냐,offensive,1,0,False
얼굴 못생긴 오크들 또 댓글에서 열폭하네.,hate,1,1,True
이모 소리 안들으려면 열심히 관리해야져,offensive,1,1,True
나혼자산다 잼없어 안봄,none,0,0,True
댓글에 전처 딸 얘기가 많아서 악플 그만 하라한건데...송윤아님 편하게좀 두세요. 아니라는데 자꾸 그러시지 마세요. 좀자식 낳고 잘사는데...,none,0,1,False
참 얘는 어찌밉상으로 변하는지 그리살다가면 재미있나,offensive,1,0,False
그냥 믿어지는사람,none,0,1,False
이년 이년 이년 좋겠다,hate,1,0,False
근데 신소율이 뭐하는 사람이죠???,none,0,1,False
축하합니다.근데 강남에게 어떤 매력이 있길래 이상화까지결혼 결심을 하게한걸까요?누구 아는사람..,offensive,1,0,False
정경호도 같이 레깅스 입었다는쥴...,none,0,1,False
조금 너 많이 쳐 늙었어 그리고 신라면 라면 면빨 쳐 먹을때 어금니ㅡ없니 무슨 이빨 다 빠진 노인내처럼 씹어~진짜 맛 없게 쳐 먹더라,hate,1,0,False
그래도 난 재미있다~ 파격적으로 김현주랑 이어지면 좋겠다,none,0,0,True
이다해 왜케 웃기냐ㅋㅋㅋㅋ,none,0,1,False
다른 사람과 다름을 인정해 주면 되는데틀리다고 잣대질 하는 사람들늙닭이니 틀탁이니 기성세대 욕하는 젊은 세대의꼰대질 내가 못하는 걸 하니까 틀리다고,none,0,0,True
스타일이 점점 망가지네,offensive,1,0,False
이번 대통령때는 특히나 연예인이 많이 죽는 거같다... 재앙이 닥쳤구만,hate,1,0,False
현아 건더리지마라 큐브 붕 신발들아....지대로 아티스트 키우지도 못하던것들이,hate,1,0,False
이름자체가 그냥 뚱뚱해보임이미지가 그래서 그런가..,offensive,1,1,True
fm대행진은 kbs아나운서들만 하는줄알았는데..,none,0,1,False
가운데사람 누구지?군인이 립스틱까지바른건가??,offensive,1,0,False
서로 도구로 이용하는 방송~~순진한 인간들 많네,offensive,1,1,True
에휴..백종원 식상한다. 이제 그만 나왔으면,offensive,1,1,True
듣보잡 이지만 축하,offensive,1,1,True
군대가라 좌시하지 않겠습니다 Girls can do anything 우리는 연결돼 있다,offensive,1,1,True
누가 그랬다. 한국 사람들에게 마음의 문을 열고 진심을 다해 대하면 그 한국 사람은 사기칠 생각부터 한다고...,offensive,1,1,True
여자 61% 30대 36% ㅎㄷㄷ... 젊은 남편분들.. 경제권은 절대 아내에게 넘겨주지 마시고 아직 결혼안하신 능력남들은 국제결혼 추천드려요...일본여자 노려보세요..,offensive,1,1,True
개웃김 ㅋㅋㅋㅋㅋㅋㅋㅋ,none,0,1,False
김충재는 왜!! 자꾸 나오는거야??나혼자산다 없애던지 출연진들을 싹 바꿔라 ㅜ더이상 우려낼게 없을거같다,offensive,1,0,False
와..남주혁 머리 저렇게 하니까 진짜 그레이랑 형제라고 해도 믿겠네,none,0,1,False
와 신동엽 다시봣다아,none,0,1,False
탈출축하해 중기야 30살 이상 여자는 여자로써 성적 매력을 잃었다,offensive,1,1,True
진짜 연기못하는 애들만 모아뒀네 월.화 드라마가시청률 똥망이라 드라마 잠정 폐지까지 한다는데연기못하는 아이돌들은 왜자꾸 갔다가 쓰는건지 몰겠네쌍수해서 얼굴쳐다보는것도 졸부담이구 소름돋는 발연기에 그러니 시청률이 2%지,offensive,1,1,True
근데 멤버가 매니저집 찾아갈수도 있는건 아닌가?ㅜ강성훈 좋아하는데 사과해라,offensive,1,0,False
한물간 연예인...,offensive,1,1,True
학창시절 여신으로 유명했음.,none,0,1,False
예서는 못생겼는데 못됐고 혜나는 예쁜데 못됐고 둘다 연기 잘하지만 내게는 그차이,none,0,0,True
샤이니 민호 기대하고 왔는데... 신기방기 적힌 저 사진 남자 이름 아시는분 알려주세요,none,0,1,False
정조국김성은 키크고늘씬하니 머리는안될테고 운동시키면되겠네 농구 배구,offensive,1,1,True
아니 결혼해서 아이 낳은게 그렇게 욕먹을 일인가 진짜 ㅋㅋㅋㅋㅋㅋㅋ 축하해주지는 못할 망정 악플이나 남기네 보기 진짜 안좋다,none,0,1,False
조커랑 닮음,none,0,0,True
사랑같은소리허네 불륜보다 더럽다 섹파트너밖에도돼니 쯧 가엽다 필립 젊은애좋아 집나감 죽네사네 질척거리지뻔해 쯧,hate,1,1,True
너무 재밌어요~~,none,0,0,True
션씨가 군대를 가는게 더도움될것같아요!ㅎㅎ,offensive,1,0,False
에라이 인간아,offensive,1,1,True
비주얼이고 나발이고 와이지는 실력좋다는게 진심이해가 안간다. 한국말을 혀짧은소리로 랩하면 그냥 다 잘하는줄아나봄 라이브들으면 솔찍히 다른회사랑 별차이도 없다,offensive,1,1,True
조현은 왜 욕한거임? 이기적인 계집들아,offensive,1,1,True
돌려막기섭외 우려먹기 컨셉.. 적당히좀해라 적당히좀. 지긋지긋하다진짜,offensive,1,0,False
자한당은 어떤모습인지 이드라마에서 확 띄든데...그 역관새끼..,offensive,1,1,True
중기 병헌 현빈은 같은 작품 하기 껄그럽겠,offensive,1,0,False
엌ㅋㅋㅋㅋㅋㅋ 완전 닮았다 그리고 뭐가 아깝냐느니 그런소리좀 하지마라 진짜,none,0,0,True
겸손하게 고사하는 백종원 과 그걸 또 받는 유재석의 그릇의 차이가 너무 확연히 느껴졌습니다. 진짜 대상은 누가봐도 이견없이 백종원 이라고 생각합니다.,none,0,1,False
솔직히 시집잘갔잖아부럽긴하지,none,0,1,False
여기 댓글보니 대다수가 30대여성.이제와서 마음이 아프단다.그동안 악플 가장 많이 단 애들도 30대여성아니였나?,offensive,1,0,False
잘 생긴건가?그냥 호감형이지...몸매도 좋은,none,0,0,True
지코도 한물갔는데 뭐..아이유 아니었으면 연간에도 못들었을 곡,offensive,1,1,True
이다해 예전부터 눈물 연기하나는 진짜 잘해,none,0,0,True
"이창훈,이병헌,유아인,비,현빈..그중에 송중기랑 결혼은 진짜 심하다. 솔직히 송중기랑 이혼하면 좋겠다",offensive,1,0,False
떼운 이가 누렇고 어색해서 성격이 평소 잘감추듯이 이빨 못드러내구 배시시 웃는 고속도로마냥 벌러덩 까진 문어 이마~ ! 걍 이참에 안나오는걸로 ...,hate,1,1,True
문재인가족 외국이주한 딸래미 세무조사 해야함 어찌 망해가는 게임 업체 연봉이 얼마라고 외국 국제 학교를 다보내고 이건 말도 안되는소리지 문재인가족들 국정감사부터 세무조사 먼저 하고 시작해야함,hate,1,0,False
가식 덩어리들. 팬이란 것들도 똑같다,offensive,1,1,True
"김수미가 시어머니면 피곤할텐데. 요리도 받쳐줘야 이쁨받지 아들타령할듯,",offensive,1,1,True
한치같이생겨가지고 염병을하네,hate,1,1,True
악플 잡고 보면 90% 한녀들임 ㅋㅋ,hate,1,1,True
삼시새끼 다시먹으면 요요옵니다 식이조절 잘하시길 ㅡ다이어트 요요 경험자가ㅡ,none,0,1,False
소확행을 택한 현명함을 응원합니다~,none,0,0,True
저 진짜 기다렸어요 ㅠㅠㅠ 눈물 나오네 ㅠㅠㅠㅠ 사랑해요!!!,none,0,0,True
슈돌하차해도 승재랑도같이 방송 출연 해주세요~~승재 너무 보고싶을듯ㅠ 가족 행복하세요♡,none,0,0,True
"거거, 남자가 사업하다보면 접대도 할수 있는것이지... 비즈니스를 모르시네..",hate,1,1,True
형님 복귀 축하합니다.!,none,0,0,True
다 늙어서 뭔 아이돌가수 득실거리는데서 버틸수 있겠냐?,hate,1,1,True
명랑만화 같은 엄청 재밌게 봤구요....오늘 2회 시청율은 더 오를것 같다. 본방사수 할게요~,none,0,0,True
똥싸고 자빠졌네,offensive,1,1,True
속에 화가 너무 많으신듯 아이도 생기고 부모가 되셧으니 서로 존중해주고 배려해주세요 이거 없으면 안되요 본인도 화면보면서 민망하신듯 내가 왜 이랬지 하시던데,offensive,1,0,False
머스마 인상이 않좋네,offensive,1,1,True
한지혜가 주연 맞는거 항상 이상하더라 조연급 같은데..황금정원 여주땜에 한번도 안봤다.,offensive,1,0,False
내가못생겨지니깐 이하이도이뻐보이네,hate,1,1,True
도희가 없어서 긍가,none,0,1,False
이동남아아줌마노래엉청못하던데 소음수준,offensive,1,1,True
연좌제 폐지 된 거임? 맞다는 가정 하에 쓰자면 도끼는 ㅈ나 가난하게 살았고 몰랐을켄데 왜 개ㅈㄹ? 니들이 먼저 버릇없이 나오니까 그러는 거임 ㅋㅋㅋ,hate,1,1,True
잘하긴하는데 그뿐. 성동일 김해숙 이런애들이 표정은 잘지어도 영혼은 없고 보기거북함. 차라리 아이돌연기자들이나음.. 평소 영화많이보던사람이면알거임..,offensive,1,0,False
혹시나 위험해서 취소한건 아닐까싶기도한데... 댓글 넘하네요~현아♡언제나 응원해요^^,none,0,0,True
여자 서른 넘으면 답없긴 하지 ㅠㅠ 25살 부터 할머니 취급 당함 ㅋㅋ,offensive,1,1,True
♨ 티아라 니년들이 저지른 행실이 나쁘니까 벌받는거지 .,hate,1,0,False
근데 학창시절에 싸움도 하고 얻어터지기도 하고 그러면서 하는거 아니냐??? 나도 싸워봤고 얻어터지기도 하고 얻어터지기도 하고 떄리진 못했네 ㅋ 근데 이정도가지고는 학창시절의 추억아니냐??,offensive,1,1,True
왈왈. 얼굴이 아깝다.,hate,1,0,False
이종석 중심으로 드라마가 흘러가야 재밌을듯. 이나영 나오는 부분은 이상하게 재미가 없네,none,0,1,False
어젯밤 집앞 놀이터에 전라도 사투리 쓰는 5명이서 담배 술 고성 노상방뇨등..지구대 신고햇더니 순경두명도 전라도 말투더라 흐미 홍어들 시상 이랑께,hate,1,1,True
잘못했으면 처맞아야지.. 맞으면서 사람되는거다,hate,1,1,True
이렇게 재밋을수 있다니,none,0,0,True
일생을 걸만한 녀자들이었길 진심으로 바랍니다~~,none,0,0,True
큰아부지 20년전에2억이믄 ㅜㅜㅜ개사기꾼깜빵가야지,offensive,1,1,True
"크러시가 정용화,임시완급도 아닌데 부산에서 누가 알아본다고ㅋㅋ",offensive,1,1,True
쓰레기분리수거가 아직도 안됐네,hate,1,1,True
우와~19년~대단하다!앵두야~좀만 더 힘내서 아프지말자ㅠ근데 앵두를 좀 보고 싶은데......................,none,0,0,True
실물보고 개실망한 연예인중하나,offensive,1,1,True
3일에 12억원어치 팔만큼 파급력있는 사람입니다. 왜 다들 조롱만 하나요? 잘 알지 못한다면 더더욱 함부로 말하면 안되죠.,none,0,0,True
김주혁 전미선 두분은 왜케 쾡한 기분을 주는건지 다른사람관 달른느낌을줌..,none,0,1,False
안타깝다 ㅠㅠ 보살 남편 잃게되서 ㅠ,none,0,0,True
양아치색기그래도팀이엿다면 그냥아닥하고살어왜바람핀거묻을려고?인성진자안좋다잉여자좋아하면다그러냐,hate,1,1,True
신지 딱 내 스타일!!!!!화이팅!!!!!!!! 코요테 흥해라 흥!!!!!!,none,0,0,True
그래도 욕은 하지마라.. 니들 모르게 썩은재료에 위생더러운 음식점이 얼마나많은데.. 차라리 맛없는게 낫지,none,0,1,False
강부자 선생님 전미선 비보에 오열을 하셨다니 눈물이 나네요 힘내세요,none,0,0,True
대 일 본,offensive,1,1,True
다른 여자 연예인들에 비하면 양반이구만. 꾸미고 안꾸미고 차이지.,offensive,1,1,True
뭐가 1등 신랑감?서울대 나와서 ?그건 옛말이고 ᆢ아직 이렇다할 자리매김도없는데 ᆢ,hate,1,1,True
아 냅둬 저라다 뒤지게 왜 자꾸 남의 인스타 사진 퍼오냐... 설리때도 그러더니 기자새키들이 문제임.,offensive,1,1,True
같은 팀원이 좀 보듬어주지~~ 메인싱어가 나가는건 젝키를 좋아하는 팬입장에서 많이 아쉽다.,none,0,0,True
독과점의 결과,none,0,0,True
엄마 없다,offensive,1,0,False
박한별도 피해자같다 ㅠㅠ,none,0,0,True
약태환 예능나오네??,hate,1,1,True
내가 저기있음 현주올인한다 좋은 여자임 웃어주는 사람이랑 있음 행복하지 왜웃냐고 따지는 사람들이 이상한거임,none,0,1,False
악플 없는 거 보니 아직 대세는 아니군...열심히 해라,offensive,1,0,False
승관보면 문희준보는거같음,none,0,1,False
지성이 더잘생김,none,0,1,False
OOO들 모임이네. 뉴스에1분도 못나오는 뒷방3류아나라 잃을것도업시 친문좌파 방송국설립하려고 아나퇴사하고 개쌉친아나들. 와꾸만 번지르하고 속은맘충들과동급. 소신지키고 아나로서 소명을다한 배현진이 새삼 이쁘다,hate,1,0,False
아 진짜 웃겨 죽겠네 ㅎㅎㅎ소라게 ㅋㅋㅋㅋ센스가 진짜 대단쓰,none,0,1,False
트위터가보면 한녀들 인신공격 일상이던데 아닌척은 ㅋㅋ,hate,1,1,True
여행가지고 참 오래도 우려먹는다,offensive,1,1,True
다이어트 해라 그럼 미인된다,offensive,1,0,False
일방폭행이아니라 쌍방인데 기사를 이렇게쓰네ㅋㅋ,none,0,1,False
며느리도 남편도 시댁도 다 똑.같.이 처음부터 끝까지 비호감가족.하차했다니..담주부터는 이나리 다시봐야지,none,0,0,True
김민희배우좋은대.. 응원해주고싶다,none,0,1,False
솔직히 지루..,none,0,1,False
착한마녀전에서 엄청 매력있던뎅 왜 인기가 없는지 잘 몰겄음. 기본적으로 센스있고 머리도 좋을 거 같당.,none,0,0,True
얼래?나경원 자는 왜 온겨?집에서서 애나보지!,offensive,1,1,True
ㄴㅏ경원 미모 봐라. 실화냐?,none,0,0,True
만 17살이면 고3인데 2살차이나면 만날수도잇지,none,0,1,False
"쌍방 입장이 다른 이해관계이므로, 소속사 입장을 들어보면 또 다른 얘기가 나올것 같음. 어쨌든 서로 욕심을 좀 내려놓고 원만히 해결되길",none,0,0,True
미안해요 식은 붕어빵 먹게해서...,none,0,1,False
연세대가 뭐 어때서.. 뉴욕대보다 못하진 않을거 같은데 ㅋㅋㅋㅋ,none,0,1,False
방송에서 얘 좀 안 봤으면. ㅡ ㅡ,offensive,1,1,True
조국이 법무부 장관이 되면 다들 얼마나 두려워서 이렇게 거짓말 까지 내놓나?????????????? 조국딸 논란으로 조국이 싫어졌는데 이런 가짜뉴스 나오니 조국이 오히려 지지해야 되는 거 같아~~~~~ 작작들해,offensive,1,0,False
육갑지랄이효리 개.....욕질에...코피...참 삐 귀에 개지라 ㄹ 이효리참 초상엔 가야지 은인린데,hate,1,0,False
남자들 날리나겠내,offensive,1,1,True
솔직히 사이다!!!! 털어먼지안나는 사람있나요~힘내세요,none,0,0,True
절대 아무것도 사주지 말자.,none,0,1,False
이장우 늙고 못생김 저딴 아재가 주연이니깐 망하지,hate,1,0,False
홈쇼핑 좀 안나오셨음 좋겠어요,none,0,0,True
ㅋㅋㅋㅋ게이인줄 ㅋㅋㅋ옷이랑 화장좀봨ㅋㅋㅋㅋ,hate,1,1,True
양세형이 센스는 있는데 인성이 별로라서. Mbc수상소감만 들었을때부터 비호감,offensive,1,1,True
주방때기 출동이냐,offensive,1,1,True
조만간에 이 부부도 이혼각이네 ㅋㅋㅋ,hate,1,1,True
자한당이 싫어 하는 연예인들은 계속 조질꺼임 ㅋㅋㅋㅋㅋㅋㅋㅋㅋㅋㅋ 김제동 김건모 유재석 다음은 누구냐,hate,1,1,True
너무 잘 봤어요@_@ 남궁민씨를 보면 제가 좋아하는 박보검씨와 비슷한 유형의 연기파 배우라 드라마에 몰입이 잘 됩니다. 더 승승장구 하세요!!,none,0,0,True
유재석라인 지겹다 나혼자산다 유사판 자연스럽지도 않고,offensive,1,0,False
갈수록 재미 없어져,none,0,0,True
의문을 가질수도 있지 네티즌들이 판을 키웠네,none,0,0,True
하연수가 아니라 임창정이나 김구라가 저랬어도 문제가 됬을까? 젊은 여성들 머리채 좀 그만 잡아라 한녀 살려~~~~~,hate,1,0,False
개oooo새oooo끼가 19살? 장난하는것도아니구. 먹는 음식 가지고 장난좀 하지 말자.,hate,1,1,True
친구끼리 안그러나? 반응이 과하네 두분 잘어울려요,none,0,0,True
막장도 너무 막장이더라. 주동민 같은 트렌디한 피디가 연출 안했다면 욕 엄청 먹었을 드라마 같네요. 피디가 아까움.,offensive,1,0,False
난 이번에 나온 셋 다 전혀 이쁜거 모르겠음...셋 다 전혀 내 스타일 아님,none,0,0,True
문재앙 때문에 애먼 사람이 눈물 흘리네ㅉㅉ,hate,1,1,True
오늘 재밌고 웃기기만한대 반응이..ㅋㅋㅋㅋ,none,0,0,True
40대늙은이 32% 돌아이련들...쯧쯧쯧,hate,1,1,True
뉴이스트 리더 jk가 떨어진 게 말도 안된다고 생각했는데,none,0,0,True
첫번째사진 맘에드네 계속 그렇게 걸어가라 평생 겨 나오지 말고 지구는 둥그니까 계속 걸어나가다 바닷 속에 빠지던지,offensive,1,1,True
법적 책임없이 떡만 치겠다!!,hate,1,1,True
그럼 문재인님이라고 해야하나?,offensive,1,0,False
한혜진이 넘 아까웠지~애초부터 만나지말았어야했어,none,0,1,False
방송작가들이니까 더 믿음이가는걸???,none,0,1,False
민머리하니까 더 잘생겨보여요,none,0,1,False
소녀시대 유리,none,0,1,False
양세바리 강라인을 탓어야지 유라인은 한뿔갔어,offensive,1,1,True
한국 여자는 진짜 존나게 맞아야 하긴 함,hate,1,1,True
지인들끼리 밥내기 골프정도는 안하나? 기레기 어떻게든 엮으려고 하네...,hate,1,1,True
수사 알겠고. 하차 하는거 알겠는데.. 퇴출은 머지?제목 너무 자극적이지 않나? 참 심하네. 기자.한사람의 인생을 망가트리는 것이라는 걸 알아야 하지 않을까?이런 제목은 수사 뒤에 나와도 늦지 않다.,offensive,1,1,True
명품옷이라도 저렇게 전체적으로 로고가 다 디자인 된 옷은 너무 촌스럽지 않나요? 저런옷은 왠지 입기 챙피할거 같은데,none,0,0,True
종현이가 샤이니는 비즈니스 관계라고 했는데 남은 멤버들 너무 오버하는 거 아냐?,offensive,1,1,True
암암리에 활동 많이했네 잘가셔~~,offensive,1,0,False
나혼자 산다 보는사람 특) 약속없어서 혼자 방구석에서 나혼자 산다 보면서 낄낄대는 찐따 or 아싸,hate,1,0,False
개그쟁이들 가스내들중에는 천이슬이가 가장에쁘다 천이슬이 을매나 이쁘노 가스내스랍고,offensive,1,1,True
좋네 군복무 중에 시싱식도 오고,offensive,1,1,True
솔직히 다른걸로는 깔 수 있어도 외모로는 못 깜 ㅋㅋㅋㅋ,none,0,1,False
기안 분량좀... 다른사람나오면 노잼이라 안봄 한혜연은 왜자꾸나오는지..박나래로도 충분히 시끄러움,offensive,1,1,True
이창섭 첨들어보는데 저게 아이돌 이름이냐?,offensive,1,1,True
종교는 자유지~~~ 박근혜가 문제였지. 축하드려요~~~!!!,offensive,1,0,False
언제까지 반일 감정에 불탈래 막상 역사도 그렇게 모르는 개돼지들이 꼭 흥분하더라,hate,1,1,True
연애인들의 필수 아이템 공황장애 ㅋㅋ,hate,1,1,True
장도연 양세형 추가 투입 케미 좋아요 나래와 좋아요,none,0,0,True
얼마나 빡대가리면 떨어지누 ㅋㅋㅋㅋ,hate,1,1,True
김병만이 뭔 잘못...?,none,0,0,True
연기가 아~~~~주 물이 올랐으!!!!목소리 아~~~~주 꿀을 발랐으!!!!,none,0,1,False
강남♡유이 더 잘어울렸는데 아쉽,none,0,1,False
저 프로듀서 유투브 컨텐츠 빨아먹는거 짜증나더라 불법은 아니다 그런데 빨아먹을라고 밑밥깔고 자기것만 홍보하고 정작 진행자 페이지는 홍보안하고..ㅉㅉ,none,0,1,False
연대 정치외교학과에 하버드 로스쿨. 엄청난 학력이라고 본다. 정치했으면 큰일 했을 분이라고 본다.,none,0,0,True
바람 핀게 팩트도 아니데 어느순간 팩트마냥ㅉㅉ,none,0,1,False
여자들 진짜 질투 개쩌넼ㅋㅋㅋㅋㅋㅋㅋ,none,0,1,False
설탕 마법사,offensive,1,1,True
셋째도 백인 피를 받아서 인종주의자들한테 예쁨을 받을 테니까 부모가 앵벌이시켜 주면 출연료 두둑히 챙겨주겠다는 뜻이로구만.,hate,1,1,True
틱피자 우리형이다❤️ 방송탔으니깐 내일부터 가게앞에 줄서라 관종환영!!,none,0,1,False
솔직히 대상은 풍상씨였는데...,none,0,1,False
역시 젊은여자랑 결혼하니 애도 쑥쑥 금방 낳네요. 좋네.,offensive,1,1,True
부럽다. 나도 소간지랑 저 집에서 살고.....시프네요ㅠ,none,0,1,False
저는 원테이블 응원합니다.욕먹고 힘들어도 조언을 잘 받아들이고해내려는 모습이 아름다워요잘될겁니다. 화이팅!!,none,0,0,True
얼마나고문을 당했으면 대만의사를 부를까?? 차라리 한국에와서 치료받고 한국남자랑 결혼해버리지~~나랑결혼하면 행복할텐데 ..,offensive,1,0,False
저런 애들은 자살을 안하지. 역시 멘탈갑이야. 그러니 그런 짓을 하고도 죄의식없이 불복하겠지? 저 인간들의 부모부터 자식까지 3대가 드러나야돼.,hate,1,1,True
물질적으로풍족게사니깐...눈돌아가지..원부인한테 괴물이라고했을때는 언제고. 완전 개짜증,offensive,1,0,False
이런상간년들하고파람피우는게 바로니신랑이란다,hate,1,1,True
결과나올때까지는 신동욱편도 조부편도 들면 안될듯ㅡ사실 연예인들이 뒷통수치는걸 종종 봐서 지금은 말을 아끼고 좀더 지켜볼땐거같음,none,0,1,False
구구절절 맞는말만 하는데 자꾸 시비걸고 불만인 사람들 범죄자 정준영 지인인가봐ㅋㅋㅋㅋ,offensive,1,1,True
이 영자 저 지집 티비에서 지발 보이지마라 보기 역겹다 소름끼치게 보기 역겹다,hate,1,1,True
역시 갓양녀....b,offensive,1,0,False
사실이어도 자식은 잘못없지 대한민국은 연좌제없잖아,none,0,1,False
천만원 기부하고 진짜 언플 쩔게 하네,none,0,1,False
신봉선 병문안 간넘?,hate,1,1,True
에릭 결혼했어?,none,0,1,False
한혜진 진짜 지루해서 채널 돌렸다 하차해라,offensive,1,1,True
과거 마지막 승부에서도 농구못하는 손지창이 주인공이라 너무 어색했음. 박형준은 정말 잘했음. 당시 중대 동호회 농구 주전이었음,none,0,0,True
한지민 목소리 때문인지 여성스럽지가 않아..로맨스에는 안어울린다..ㅠ,offensive,1,0,False
워너원이 나와야지. .,none,0,0,True
소유는 뭐 ㅎ 원래 얼굴보단 목소리랑 몸매로떴으니까 ㅎ,hate,1,0,False
럴수럴수 이럴수!구리구리 양동근ㅋ축하합니다ㅎㅎ,none,0,1,False
ㅈ 라인이 너무 이쁘다,hate,1,0,False
역시 헬조선에선 금수저로 태어나야해!!!,none,0,0,True
김치-뇬들 난리났네요. 근데 꼴페미들도 연예인에 광분하나요?,hate,1,0,False
ㅋㅋ댓글로 사재기 햇다는 님들아 확증 없이 떠뜰지좀 마라어디까지나 당신들 심증일 뿐 이잖아...ㅋㅋ,offensive,1,1,True
현무야... 버려,offensive,1,1,True
페미 양성평등 외치면서 드라마 시시껄렁 기사 복기하는 여기자와 여성 댓글비율 86% 화력보소 ㅋㅋㅋ 사회 경제 정치 문화에 관심 좀 갖고 남자여자 유리천장 좀 씨부려라 ㅋㅋㅋㅋ 드라마 좀 그만보고 ㅋ,hate,1,1,True
귀여운 커플,none,0,0,True
갑작스럽게 감정을 흔드는 방법은 사이비 교주들이 많이 쓰는 방법이다. 절대적 행복과 불행은 없다. 새로운 면들을 본다는 건 신선하지만 이상윤씨 전씨 같은 분들 조심하세요.,none,0,0,True
최수종 가식적인 리액션 넘 촌스럽다. 지금 시대가 어느땐데. 결국 신혼여행도 공짜 은혼식도 공짜라는 거임.,hate,1,0,False
인터넷 댓글에 누군지알고 뭔 해명을 하라는거야. 방송에 웃으면서 나오는게 화가 나는게 아니라 인기가 오를게 피가 솟는다니 뭔 열등감 터지는 개소리ㅡㅡ,hate,1,1,True
패션이 왜저래ㅠ 남편이 용돈 안줘요?,hate,1,1,True
펭귄.부엉이.올빼미(짱개.부칸)똘마니 이름불러준것도 고맙다고 해야지,hate,1,1,True
이게기사거리냐ㅡㅡ 쯧쯧츳,offensive,1,1,True
적잖은 나이일텐데 ᆢ결혼 해아지요 ~,none,0,1,False
여자였으면 국민OOO으로 등극하고 팬 1도 없이 다 떠낫을텐데 아직도 팬들이 있네,hate,1,1,True
저번주 면접 보는거 보니까 잘해서 너무 부럽더라 ㅠㅠ,none,0,0,True
아직도 티비속 화면으로 성격판단하는 멍충한분들이 많네..ㅋㅋ,offensive,1,1,True
내 장담컨데 예전처럼 구타폭행 되면 이새기 벌떡일어나서 날라다닌다.,hate,1,1,True
너무 부러워 둘다,none,0,0,True
방송활동이라도 좀 하면서 연예인이라 했음 좋겠다,offensive,1,1,True
암이라더니 멀쩡하네?,offensive,1,1,True
참이뿐이네요시아버지가 며느리사랑이대단하던데~보기좋아요,none,0,0,True
김원희씨~테클걸려는건 아니지만 남편분께서 그렇게 하실지 의문이네요.그래도 본인아이 한 명은 있어야하지 않을까 생각되네요.,none,0,0,True
ubd 안마 제이튠 주식 먹튀 ㅆㄹㄱ,hate,1,1,True
근데 김은숙 작가 작품은 항상 후반부는 쳐진다ㅠㅠ,none,0,1,False
진영이 형님은 우리 곡의 하술사 lYG행닝을 이기고 오셨으면 좋겠다는 마음입니다 행님~,none,0,0,True
미씨 3인방 삼총사 같더라‼️‼️‼️‼️‼️,none,0,1,False
폐지가 답이지 요즘 환경쪽으로 얼마나 예민한데 그전에 사용했던 장소도 개판이란 소리네 그럼,offensive,1,0,False
안도와들 줄거면 입다물어라ㆍ본인은 얼마나힘들겠냐,offensive,1,1,True
악플달면 삶이 좀 나아지냐?????????????,none,0,1,False
내꺼 넘보지마,none,0,1,False
가정과 딸이 있는 사람은 건드리지 말자,none,0,1,False
취지는 좋다 하더라도 남에게 민폐 끼치는 이런 퍼포먼스는 그리 좋게 보이지는 않음 박보검처럼 현명하게 지목 당하더라도 자신이 마무리 하는걸로 끝내삼,offensive,1,1,True
언젠가는 젊은 여자가 좋다는걸 알겠지?,hate,1,1,True
어지간히 급했다,none,0,1,False
신랑 부모 입장에서는 참...,none,0,1,False
보기 역하다 옷은입고찍자 보는 사람 생각도 해야지 장윤정이 봐도 기막혀 할거같내,offensive,1,0,False
뭐 잘생기긴햇는데 이거 위험한 발언 아니냐 남자들이 어린 여자애보고 이쁘다라고 하면 벌떡 뛸거면서,offensive,1,1,True
놀지만 말고 연기자할거면 연습좀 해라 핵발연기ㅋㅋ,offensive,1,1,True
ㅋㅋㅋ 개꼬시다,offensive,1,1,True
이아줌마가 누구임??,offensive,1,1,True
칼들고?진짜 살인 할듯.. 소시오패스인가?엿을 날려? 인성이 쓰레기급 ㄷㄷ 근데 애를 좋아하는 팬이 있다고? 놀랍다 저런애한테 ㅋㅋㅋ 그리고 운전하다 사망 한다 ㅗ,hate,1,1,True
또시작이다 피디와 그나부랭이가 부추기는백종원 좀비 써프라이즈 백종원이 프랜차이즈 광고비는 내냐한시간 이면 몇십억이데이 ㅆ 브 ㄹ 뇌가앖는 좀비 빙신 눈깔들 하군오늘도 맛난 설탕 한스픈 하쥬,hate,1,1,True
유희열님 미추리개꿀인데게스트로 나와주세욤ㅎㅎ유유커플 꿀쟁,none,0,1,False
너는 누굴 닮은거니? 실존 인물이면 머리 뜯긴걸로 안끝나,offensive,1,1,True
ㅋㅋㅋㅋㅋㅋㅋ남욕하기전에 늬들 집구석이랑 인성부터 뒤돌아보고 댓글써라 아 그리고 전신거울도ㅇㅇ,hate,1,1,True
재밌는데 신선하고 연기좋고 대만족,none,0,0,True
이렇게 기사 떠도 음모론 믿는 새끼들은 성노예 같은 자극적인 얘기만 쳐믿ㅈㅣㅋㅋㅋㅋ 진짜 덜떨어진 새끼들 같애,hate,1,0,False
보신 모든분들 추천 누르면 다가올 2020년 대박나고 가족 모두가 만수무강 입니다 그리고 좋은 아침입니다,none,0,0,True
조은정씨 이뻐요~~ ㅎㅎ,none,0,0,True
정권에붙어서 동료들 등쳐밀고 지혼자살겠다고 바둥거리다 정권바뀌고 정상으로돌아오니 불이익당했다며 자딸당에 들어가서 헛소리하는 누구보단 당연히 최고의 아나운서였다. 화이팅!,offensive,1,0,False
나는쌈디가 더재밌던데,none,0,1,False
장윤정 노래는 들으면 감정이입되고 같이 눈물 나고 그런데 얜 아주 감정이 메말라서 무슨 기계가 노래하는 것같고 결정적으로 노래를 ㅈ 못부른다 무슨 수로 1위했는지 모르겠다 또 투표로 조작했나,hate,1,0,False
누나 아프지마 ㅜㅜ,none,0,0,True
난 재밌던데 스토리 구성도 탄탄하고,none,0,1,False
처음에채수빈좋아는데 갈수록이상해지곺징징걸리고별로다,none,0,1,False
부활도 좋고 박완규도 좋지만 김태원은 너무 싫음,offensive,1,1,True
재밌게 잘보고 있어요,none,0,0,True
멤버출연이 문제가 아니라 이미 높아진 기대치를 충족시키기는 어려워서 시즌2는 안하는게 좋을듯요 조들호나 추리여왕 너무 대실망이었음,none,0,0,True
그냥싫어.생긴거부터가 무서울정도라서,hate,1,1,True
오창석 이채은 너무 잘어울려요. 영원하시길. 너무 비쥬얼. 이뽀요 둘이 완죤 잘 어울려요 ㅎㅎ,none,0,0,True
변기유천 = 마약범 = 성범죄자,hate,1,1,True
이분 왜 모르세요 하얀거탑에서 거탑으로 나오신 분이잖아요,none,0,1,False
준영인 영재랑 잇을때가 젤 행복해보임!,none,0,1,False
만찬 둘이 과연 알콩달콩 할까? ㅋㅋ 상상만해도 너무좋다,none,0,1,False
항상 현빈 씨는 배역이 비슷비슷 인생 그저 먹는 싹아지 없고 무례한 한남충 실장님에 이혼 3번 씩한 바람둥이에 귀신같이 캐스팅 이번 캐릭도 또 한남충,hate,1,1,True
쿵쾅이들이 만 지랄중,hate,1,1,True
어이가없다 20년사귄다고ㅋㅋㅋ 서로 사랑하는건 절대 아니다,offensive,1,0,False
삼가 고인의 명복을 빕니다.,none,0,0,True
요샌 혼전dduk Jill 이 유행인가? 이 ㅈ같은 재앙페미민국에서 수고하네,hate,1,1,True
안하는게 정답이다 괜히 사진올리고ᆢᆢ악플달리고ᆢᆢ머리아프,none,0,1,False
강남같은애 만나는거보면 그렇개 좋은사람은 아닌듯 좀실망함...,offensive,1,1,True
장사 잘되면 옮기는게 좋지 좋은 동네로 저정도면 강남서 2만원 받아도 먹을 사람은 먹어 9000원은 진짜 자원봉사네 백종원 체인땡도 저정도 갓성비 전혀 없음,none,0,0,True
후기 올라온거 보면ㅋㅋㅋㅋㅋ요리안하고 서빙이랑 카운터만 본다고함ㅋㅋㅋㅋㅋ케,none,0,1,False
김보미가 더 유명하지 않냐? 골프계의 아이돌인데,none,0,0,True
임산부라는데 이그 아무리 인기인 이지만 임산부가 옷이 뭐래 ㅈㄷㅁ,offensive,1,1,True
ㅠㅠ 응원해요 이제 잘 될일만 남았어요,none,0,0,True
정다빈은? 걘 묘지에서 유골 꺼내야 되냐?,hate,1,1,True
참 요란하네,offensive,1,1,True
안현모만 복고싶은데...,none,0,1,False
"하라양, 이 자리에서 응원하고 있을게요!",none,0,0,True
나만 비연예인이 더 싫은가 이세상에 연예인과 비연예인 둘만 존재하는것도 아니고..ㅋ,none,0,0,True
쩝 진짜 공개연애의 나쁜예ㅜㅜ,none,0,0,True
태국 가서 머했을까...궁금궁금,offensive,1,1,True
진실하게 사과하면 시간이 지나면 개돼중들은 용서 할거임 ㅎㅎ,hate,1,0,False
뭐 여자들은 가슴살 노출은 노출이라고 생각 안하잖아?꼭지만 가리면 된다고 생각하는거 아녀?윗가슴이나 아래가슴이나 같은 젖인데..,hate,1,1,True
몬일이 일어났음 좋겠다라는 식으로 이상하네 요상하네 라고 댓글다는것들 뭐냐..?,none,0,1,False
이쁘게 잘살고 있고만 먼 생트집이야순산하세요,none,0,0,True
결국 승자는 핑클이네..ses 빠돌이들 다 대가리 박아라..ㅋㅋㅋ,hate,1,1,True
주변에 진짜 저런 경우를 봐서 그런지 안타깝다ㅜㅜ애가 준영이 애였다니,none,0,0,True
정웅인씨 아내분 인스타보면 촬영없는 쉬는 날 가족들과 자주 놀러다니고 시간을 함께 보내는 것 같던데 정말 가정적인 것 같아요. 저런 환경에서 자라는 아이들은 얼마나 훌륭한 어른이 될까요. 너무 부럽네요ㅠㅠ,none,0,0,True
누가 조문인증을 강요햇대 조문인증기사쓰는 기자들이 웃긴소리하고 자빠졋네 이런기사나쓰지마,offensive,1,1,True
먹방 보는 시청자 수준을 알겠다. 그냥 자기 맘에 안들면 작가도 물어뜯고 연기자도 물어뜯는 아주 질 나쁜 악질들이네.,offensive,1,1,True
헐.......난 금주의 가수왕...뭐 이런것 처럼 이달의 소녀도 뭘 뽑는건줄 알았네...그룹이름이 이달의 소녀?? ㅋㅋ,offensive,1,1,True
솔직히 현빈 별로임. 뭐가 멋있다는거지? 가식덩어리같은데 엄청 폼잡음. 조인성이나 소지섭이 훨씬 나음,offensive,1,0,False
예원이가 불쌍하다... 둘다잘못했는데 하나는 피해자인척 방송에나와해명하고 활동하고 하나는 활동자체를 못하고있다니,offensive,1,1,True
아 이진은 뉴욕댁인데 김민서도 미국댁이네 행복하게 잘 사세요 축하드려요,none,0,0,True
아니 진짜 열등감에 찌든 여자들 역겹다,hate,1,1,True
역시 오늘도 엔딩맛집,none,0,1,False
솔직히 막장 아닌드라마가 어딨음? 재밌게 쳐봐놓고 안본다고 징징거리노,offensive,1,0,False
나이쳐먹고 마블히어로즈인지 파워레인저인지 빨고있는 남자들 개한심해보임..,hate,1,1,True
수원 살았을 때 고등학교 1년 선배였습니다. 그때나 지금이나 성격 좋고 잘 웃는 노래 넘사벽 후배였죠. 뭐 하나 뺄 게 없는 장윤정 앞으로 꽃길만 걸어라~~!!,none,0,0,True
전라도의 딸 홍진영이여라 으매이징하덩깨,hate,1,1,True
그냥조용히살어 연예인이 모라고 그리티비나올라하니,offensive,1,0,False
악플은 이제그만....남녀간의 서로 ♥️한다는데...감나라 배나라 하지맙시다.집사줄건가? 가전제품 대신 사줄건가?알아서 그냥..낼은 머 먹지? 또 라면ㅜㅜ,offensive,1,1,True
와 박봄 멘탈 개쩌네,offensive,1,1,True
김윤경 얼굴볼때마다 진짜 어색해. 성형을 넘 과하게햇네. 유동근은 다림질로 얼굴피셧네,offensive,1,0,False
싸도 못하니까 조사받지....확시히 싸주면 여자들은 좋아한다 ^^,hate,1,1,True
해인이는 그래도 인기라도 얻었지 ㅡ예진님은 똥됨,offensive,1,0,False
"이 글을쓴기자 말인데요,, 제가 오늘 직장상사분들이랑 회식하고 술을 한잔하고 이 글을 봤습니다만...내가 술이 취해서 이해못하는건지,, 당췌 기사를 이해못하겠네",none,0,0,True
민상아 처남 잘보내고 와라,none,0,1,False
30대 여자들은 군대도 안가는데 군대 이야기에 이렇게 관심이 많을까?? 젤 싫어하는 이야기 탑3라면서??,offensive,1,1,True
몇년간 aomg에서 한게뭐냐 다들 열심히 곡 뽑고 박재범은 해외활동까지 소화하는데 공동 대표란 사람이 여태 놀다 이제와서 곡작업 하면서 징징거리고 그럴거면 나가라,offensive,1,1,True
약속할때 엄지가 위로가지 아래로 가지는 않지 하하는 약속할때 엄지가 아래로 가냐? 하하다그랫다 공인이면 좀더 신중했어야지 평소 행실이 드러나는거같은 의혹을 살만한 부분이라고 본다,offensive,1,0,False
하하 플러스 유재석 너무 질린다 ㅡㅡ,none,0,0,True
이런건 당췌 어떤 모쏠찐따들이 보는거지???대리만족이 되긴허냐???ㅋㅋㅋㅋㅋ,hate,1,1,True
로별쓴 작가랑 넘비교된다 ㅜㅜ개막장,offensive,1,1,True
장미희유동근씨 목소리 옛날영화 보는거같아서 좋음,none,0,0,True
설마 홍자쪽에서 담근건 아니겠지,offensive,1,0,False
역시 여자는 말라야 좋치 속으로는 마른여자 좋아하면서 솔찍해집시다,hate,1,1,True
제목 무엇???,offensive,1,1,True
이 드라마 정체가 뭐임?? ㅋㅋ 알고 싶지 않다,offensive,1,0,False
셔누가 무슨 잘뭇했나요? 결백하다...,none,0,0,True
제목어그로ㅡㅡ 이름보니 조혜련이네ㅋ 이름이 같아그런지 개그맨 조혜련이랑 하는짓 똑같너,offensive,1,1,True
여기 부부도 협찬 무지 받았나?거의 무명급 아이돌가수 결혼 하는거 만큼 기사 내네 ㅋ,offensive,1,1,True
노홍철 이새기나와서 딴데뜬다,hate,1,0,False
진짜재수없네 카악 퉤,hate,1,1,True
지창욱배우님 얼굴 공개 한것에 사과해라.제대와 복귀 얼마남지 않는 배우에게 무슨 횡패인가,none,0,0,True
재미 있습니까 ?,none,0,0,True
알츠하이머 환자는 가족이 돌보는데 한계가 있어요. 전문요양병원에서 돌보시고 가족은 병문안가시는게 좋은데. 잘 하시리라 믿어요. 그리고,none,0,0,True
여기서 성희롱적인 발언 하는 애들은 해외 응딩이 뒤에 숨은 거냐 아님 잃을 게 없는 새끼들이냐? 콩밥 한 번 먹어봐야 정신차릴라나,hate,1,1,True
기자 누구냐ㅡㅡ 안과 소개해준다,offensive,1,1,True
"반민정 꽃뱀으로 몰고갔던 남자들 진짜.. OOO들 왜 항상 피해자가 자신의 피해를 주장할 때 상처를 두번 세번 받아야 하는 건지,",hate,1,1,True
전현무 승ㅡ 개부럽다ㅡ 열심히 살았어야 대는데,none,0,0,True
솔까 못 생김... 흑인 주제에,hate,1,1,True
안내상이 범인이면 반전일까?,none,0,1,False
한녀들 성형 안한 자연 외모로는 일본녀에 상대 못한다. 한녀들이 성형해서 눈크고 얼굴작게 하는데 일본녀는 원래 눈크고 얼굴작은게 베이스다.,hate,1,1,True
얼굴에 입체감이 없네요;; 제가 더 잘생긴듯,offensive,1,0,False
아 좋다 둘이 너무 잘어울린다 실제로 사귀면 좋을듯,none,0,0,True
전처들이 많은가보네요...댓글들을 보니...가만생가해보세요..전처로서 전적으로 잘들 하셨는지...불륜이 불륜으로 끝나지 않고 이혼과 결혼으로 이어진 이유가 무엇인지..,offensive,1,0,False
한국판 사기가족을 전세계 에 널리 알린 영화..근데 내가 왜 부끄럽지,offensive,1,1,True
걸복동이 급한가보구나.,hate,1,1,True
"이번엔 경로우대 대상(주말극 ,일일극, 대하극아버지어머니역할) 아니라 제대로 된 대상같음",none,0,0,True
진짜 닮았네 넘귀엽다,none,0,0,True
듣보잡 김동명은 이제 끝이라 봐야지. 찿는 이도 없을테고,offensive,1,1,True
조이는 이제 연기를 때려쳐라 재능도 없어보이고 비주얼도 딸린다,offensive,1,0,False
근데 군인은22시이후 외출 불가능아니냐? 군법아님?,none,0,0,True
오션 노래 넘좋았는데.,none,0,0,True
한번 봐줘야겠지?,none,0,1,False
우리엄마걸고 맹세한단뜻임 10선비들 ㅈ l이랄 하지마셈,hate,1,1,True
그놈의 버닝이 문제군,none,0,1,False
요즘은 그냥 태생이 못된건지....아님 지들 삶이 여유가 없어서 못되진건지....정말 못된 심보를 가진 사람이 너무 많아. 여기 댓글들과 그 못된 댓글 추천수만 봐도 참...답이 없음.,none,0,1,False
해외여행 가니 좋냐,offensive,1,1,True
홍석천 응원글 남기는애들 너무 가식적이다,offensive,1,0,False
두둔하는건 아닌데 전문보니 당한애도 정상은 아닌듯,offensive,1,1,True
신성일은 탈코리안 마인드지....이분은 시대를 잘못탄게 아니라 지대를 잘못탄분...,none,0,0,True
악플다는것들 특징ㅋㅋ즌라디언들,hate,1,1,True
남자가 잘못한거라면... 반성도 없다면...나였다면 ... 여자처럼 아주 못되게 할것같다왜??? 나를 배신한거니까,none,0,1,False
야야야 꺼져,hate,1,1,True
대장 언제쯤 나오나요?ㅜ,none,0,1,False
참...불쌍하다...왜 병을 병이라고 말을 안하나...미국에서 연구한 결과 염색체의 이상이라고 하던데... 치료하면 되는데...세상 사람들이 믿질않네...,none,0,0,True
머리카락좀 묶어주라.. 애 덥겠다,none,0,0,True
팁엔도 소속사도 전부 안재현 편인데 이길수가 없지. 그렇게 사람을 ㅂ.ㅅ. 만드는데 가만히 있을 줄 알았나. 소설 한 편 잘 썼네ㅋㅋㅋㅋ신작홍보 잘 했네. 쫄리긴 쫄렸나봐?,hate,1,1,True
유튜브 잘보고있습니다!! 행복하세요~,none,0,0,True
대다수 국민들이 속으로는 마닷 좋아하고 응원하면서 앞으로 잘하라는 의미에서 괜히 질책하는겁니다 마닷 화이팅 ~ !!,none,0,1,False
임신 하든말든 서민들 잘사는게중요,offensive,1,1,True
"크러쉬 매니저 부모님 선물 준비해 간거하며 인성 진짜 좋아 보이더라~ 매니저랑도 진짜 가족같고, 친구같고^^ 서로 잘하니..매니저 말대로 평생 같이가는 사이 되길 바랍니다~^^",none,0,0,True
노브라를 하던 말던 알아서 하시구요. 페미 메갈짓만 안하면 하고싶은데로 하고 사세요. 아무도 불평안함,hate,1,1,True
기자님 푹 빠져서 보시나보네요 ㅋㅋ어제 들마 못봐서 엄청 궁금했는데 재방 안봐도 되겠다는...ㅋㅋㅋㅋ,none,0,0,True
그러게 애 데리고 티비 좀 나오지 마요 애기 어릴 때 뭔 프로에 나와서 애기 침대에 툭 던지니까 리포터가 깜짝 놀라서 애기를 그렇게 던지냐고해도 해 맑게 웃더니만,hate,1,1,True
어쨌든 변제 의무가 없는 김영희가 나서서 피해자와 원만하게 합의했으니 잘한건 맞지 뭘 욕을 못해서 안달인지. 피해 당사자도 합의한 건데.,none,0,0,True
"김희선, 연기 안 돼.",offensive,1,0,False
저년'...평소도보면 교만하기짝이없었다.다신티비나 무대같은데서 않보게되길소망한다.교만햇던 당신의벌일것이다.,hate,1,1,True
홍윤화살빼니까 더귀엽더라,none,0,1,False
결론은 빠순이들이 문제라는거 아냐,offensive,1,1,True
지금 문재인 정부다 연예인으로 물타기 하는게 누구겠냐. 근혜 명박이때는 근혜 명박이가 물타기 한다고 난리더니 진짜 좌파 뇌는 상상 광우병으로 뇌라도 뚫렸나,hate,1,1,True
"몰카가,,남,녀 성,관계 몰카만 있냐?? 이해를;; 지금도 방송에도 흔히 하는게 몰카인데,,상대를 속이고 잼나는걸 끌어내는게 몰카인데~언제부터 몰카가 나쁜쪽으로만 사용???",offensive,1,1,True
김희철 공익새기,offensive,1,1,True
아줌마들 또 와서 ㅂㄷㅂㄷ거리네 ㅋㅋㅋㅋㅋㅋ,hate,1,1,True
양기원? 웬 듣보잡으로 어그로질이냐?,hate,1,1,True
와꾸만 보면 미나가 쫌 아까운데,none,0,0,True
남자가 딴여자좀 만날수있지 존나 참견질이네.,hate,1,1,True
그냥 한번하고 끝내라,offensive,1,1,True
박나래 저사각턱이?? 방송사고급 표현 아닌가,hate,1,0,False
도깨비속 소름끼치던 간신에서 코믹까지 두루두루 연기 진짜 좋아요,none,0,0,True
재혼이자랑이냐? 이새키는 왜이런기사를써서 사람욕쳐먹게만드냐? 기자가 안티네~,hate,1,1,True
식스센스를 가성으로 불러서 브아걸한테 누를 끼친 그 분!!!!!,offensive,1,1,True
드라마에 욱일기 쳐넣는 감독이나 작가나 또라이들이네,hate,1,0,False
성희롱녀인데 머하러 올라옴?,offensive,1,1,True
ㅋㅋㅋㅋㅋㅋㅋㅋ ㅋㅋㅋㅋㅋㅋㅋ 사기꾼 자식이었어 ㅋㅋㅋㅋㅋ,offensive,1,1,True
근데 이부부 나올때 그냥 돌림 ㅠ,offensive,1,0,False
같이 합의해서 원나잇 해놓구서는 나중엔 성폭행 당했다라 주장했던 사례가 어디 한둘입니까? 철저한 검증을 통해서 진위 여부를 가린 다음에 욕해도 늦지 않습니다.,hate,1,1,True
중년의섹시미가있음.어느연령이건 충분히 매력을 느낄만한데..,none,0,1,False
진짜가 나타났다!!왕좌의 컴백이 기대되는군,none,0,1,False
동생이 착하네...,none,0,1,False
미애씨도 기사 제목 싫어할듯...,none,0,1,False
기레기. 길다가 돌맞는데 누가 가만히 있냐??? 쓰레기 어그로꾼 유트브정지당해야지 사회악이다,hate,1,1,True
주는것없이 그냥별로 ㅠ한가인 ??????,hate,1,1,True
연예인들 다들 필라테스 하나 보네 재미 있나?,none,0,1,False
너무 예쁜 모녀입니다~^^,none,0,0,True
"아버지뻘 남자의 아이를 낳아 좋겠다. 왜 자기 나이대로 못 살고. 삶은 순식간에 날아가는데....뭐가 그리들 부러울까?자신의 딸이 저렇게 나이 든 남자와 살고, 저렇게 애를 낳아도 꼭 좋다고 해라.",hate,1,1,True
골프선수 한다고 하지 않았나..,none,0,1,False
오진영 인턴기자님께서 잘못하셨네요,none,0,1,False
연예인 이름 날리는거 지긋지긋하다한예슬이 머? 어쩌라고?,offensive,1,1,True
토 ㆍㆍㆍㆍㆍㆍ,none,0,1,False
말투뷰터 아주 달달혀,none,0,1,False
ㅋㅋㅋ 41살에20살이랑결혼한다데니 김새론영입하누 영계킬러ㅋㅋㅋ 사촌형 ㅇㅈㄹㅋㅋ후전드냐ㅋㅋ,hate,1,1,True
불륜하는것들은 다 죽어야돼특히 유부녀년들은.,hate,1,1,True
트와 전성기는 이미 지났잖아. 인제 다른 그룹처럼 멤버 하나 둘 나가고 자연스레 개인활동으로 노선 잡아야지 뭐,offensive,1,1,True
그래도 애들 입장에서 좋겠어요^^사진은 자연스럽게 찍으신 사진이 예뻐요ㅎ,none,0,0,True
"걍 조용히 사세요. 티비, 인터넷에서 안 봤으면 하네요. 서로 얼굴 붉히지 맙시다!!",none,0,1,False
이상윤연기가 어때서~ 잘만하시더라,none,0,1,False
내가알기론 탑이랑지드래곤은 검찰송치까지 안된걸로알고있는데,none,0,1,False
작가는 현실성 제로인듯..후덜덜 ..재결합? 결혼생활중 다른 여자 몸과 마음을 주물렀던 전남편과? 소오름...,hate,1,0,False
한고은은 지금의 남편보다 god 박준형이 더 잘 어울렸어.,offensive,1,0,False
신랑은 모함? 난밥잘먹었는대 4끼 .. 그래서 살이 안빠짐 ㅜㅜ,none,0,0,True
여자 너무 늙었네 우웩,offensive,1,1,True
딱봐도 엄마 닮았네요,none,0,1,False
쫑나도 걸릴게 없거든...바람 피워도 불륜도 아니고...재산 문제도 없고...쿨하지...이런 보도 나오면 거진 얼마후 찠어지던데...얼마나 갈지...???,offensive,1,1,True
다들 심심한가봐요 사실일수도 거짓일수도있는거아니예요 그여자 한만디에 모든게사실이 되나요? 오달수씨 불쌍...,none,0,0,True
신태용 임기응변보소 “나는 유종의미만 거두면 되겠다” ㅋㅋ 그 결과가 너가 잘한거냐? 여론이 너무 않좋으니까 선수들이 죽기로 뛰었고 적당히 운도 따라줫고 정신차리고 덤벼들어서 이긴경기를 너가 코치잘했다고 하면 어케하니?,hate,1,0,False
에휴.. 니들이 초등학생들이냐? 히어로물 보면서 우와우와 거리냐? 한심하다 ㅉ,offensive,1,1,True
설리최고 하고싶은데로해 그런모습좋아 당당함 앞으로도 더이쁘지라,none,0,0,True
명수형님 존경합니다,none,0,1,False
다시 멋진 삶 살기바래요~ 사랑할땐 다 눈이 멀어져요 잊고 다시 시작함되요~,none,0,0,True
조그만 공간 속에 추억만 쌓고 오래감방에있으세요 먼지가되어노래가사처럼,offensive,1,0,False
진짜 멋있다,none,0,0,True
바람피운건 잘못은 맞지만 외모평가는 저 근거없는 자신감은 어서 나오는걸까,offensive,1,1,True
와 !! 시댁에서 친정아빠만 빼고 다 모여 살았다니 ㅋㅋ 정말 오마이갓 !! ㅋㅋㅋ보는 내내 완전 시트콤이였어요 다들 성품이 좋으셔서 가능한 일인것 같아요강아지들도 많고 ㅋㅋ시어머님도 언능 쾌차하시길 바랄께요 ㅎ,none,0,0,True
나랑 노상관,none,0,0,True
쟝르를불문한 막장드라마의귀재 김순옥존경스럽네 일부러 재방 몇번봤다 그만좀나와라 쓰레기작가 너때문에내가볼게없다 그만기용해라 쓰레기 방송사야,hate,1,1,True
흥국아재 기러기아빠잖음. . . 티비서보니 고생이 심하던데. . .,none,0,1,False
노력마니 하네. 언니 존경합니다. 물론 부모님 재력이 뒷받침되었겠지만. 그래도 유학가서 공부안하고 노는애들진짜 많은데,none,0,0,True
뭐 언제부터 인기 연애인으로 활동했었다고...관심고 없으니 니 말대로 빨리 은퇴나해라...짜증난다.,offensive,1,1,True
솔직히 웬만한 천만영화보다 재밌다 ㅋㅋ,none,0,0,True
얼굴 큰 아재가 미인을 얻었네 부자냐,offensive,1,1,True
오늘안으로 목메달아 자to살하시길 유가족에 대한 사과의 뜻으로 ✔,hate,1,1,True
40대 아줌마들 댓글비율좀봐....,offensive,1,1,True
제대로 크게 망했으면 좋겠다,offensive,1,1,True
아 잼잼이 예뻐라,none,0,1,False
"퇴물 김수현 수준이 딱 사촌형 수준이었던거지... 차라리 이복동생 김주나가 백번 낫다.. 그나저나, 저 막장기획사에 영입당한 대세배우 서예지와 김새론이 불쌍하다..",offensive,1,1,True
❎ 돌아와요 아저씨 2 보는거 같음 감사 ㅠ,none,0,0,True
하연주 보기싫음,hate,1,1,True
화보 왤케 중국스럽냐 촌스러움,offensive,1,1,True
씁쓸하네요.김흥국씨 돈벌이 못하게되면 부인분도 힘들텐데...좀 참으시지요. 십여년 동안 같이 안살다가 합치니 얼마나 힘들지 이해는합니다만...참..기러기가족 문제의 단적인 예.,none,0,1,False
이거 아직도 하?,offensive,1,1,True
엄마나 딸이나 똑같네 엄마도 너무하고 장윤정은 넘치는게 돈인데 애초에 여기까지 온게 둘다 똑같은것같은데,offensive,1,0,False
잘될거야 엠씨몽 노래는 항상 좋았는데 ...,none,0,0,True
설마요 더 못날수가 있을까요 여기가 외계도 아니고,offensive,1,1,True
남 인스타가서 퍼와서ㅈ기사 올린 기레기를 탓해라 보도자료 뿌린것도 아닌데 왜 엄한사람한테 지럴들이니,hate,1,0,False
이제 노래 못하시는건가요??,none,0,0,True
그래 겁나 이뻐부러 됐지?,offensive,1,0,False
계집들은 여름에 브라자 대신에 꼭지만 가리는 접착식 테이프 붙이지 않나?,hate,1,1,True
악플단 인간 말린꼴뚜기같은사람 만나길바란다,hate,1,1,True
아이쿠 왜 하필 한국이니,offensive,1,0,False
그냥 좀 쉬어~~ 푹~~~~~쭉~~~,offensive,1,1,True
필모커플 비호감,none,0,0,True
전라디언을 조심하자,hate,1,1,True
지금 신종코로나 때문에정신이없는데 발리여행이라니이해안됨 정신차리세요,offensive,1,1,True
각시앙 예전에 구설수 풋 여기까지만 할게.,offensive,1,1,True
그만해라 후졌다,offensive,1,1,True
김건모랑 똑같네^^,offensive,1,0,False
기자야 너도 인간이니?,hate,1,1,True
선생님의 마임공연을 잊지않고있습니다.,none,0,1,False
얘들도 물들었네.....그래서 연예계로 발 들이면 마약처럼 중독되지...니들은 안그러길 바랬는데...,offensive,1,1,True
"선수가 부족할수 있겠지만 처음취지가 맞는지 모르겠슴 멤버들이 발전하는 모습을 보여주려 하는거 아닌가? 차라리 김성주, 정형돈은 열외하고 뽑는게 낫지않을까",none,0,1,False
작가님 보고 계시죠???이게 여론입니다...이 여론 반영해주세요,none,0,0,True
여자도 군대 가면 잘할수 있다 가즈아,offensive,1,1,True
저래 다 뜯어 고친 애랑 살면 좋을까.. 사람 보는 눈이 저래 없을 수가..,offensive,1,0,False
인정하세요.김흥국 나빴음,offensive,1,1,True
박보검이 잘생겼다ㅡ공감 vs 방탄 뷔가 잘생겼다ㅡ비공,none,0,1,False
누가 앵두를 찍었다고 거짓말을 대놓고 하냐 ㅋㅋ,none,0,1,False
현빈 김주원때 좋아하고 좋아한적 없는데 나이먹으니 더 깊이있어지고 멋있네.. 연기도 비주얼도 목소리도.. 요즘 20대 배우들은 그런게 없어,none,0,0,True
다 자기 업보예요 김구라가그렇게조언해줬는데ㅠ이제는행복하세요,none,0,1,False
왜 윤지성뜨는거야 나 진짜 맨날 투표했는데ㅠㅠ 팬 많은게 진짜,none,0,1,False
댓글이 없네....,none,0,0,True
너무 예쁘던데 티비에서 자주 볼수 있으면 좋겠어요,none,0,0,True
분유먹이는것도 가슴 미워지던데.굳이 힘들게 하는건 .,hate,1,1,True
조민기 남자답노 한녀들 참교육 린정한다 ^오^,hate,1,1,True
이 양반은 통뼈가? 더 자숙해라. 인간아,offensive,1,1,True
임산부에 헐 대구라니 ㄷㄷㄷㄷㄷㄷ 집에 만 박혀있어요 누나 ㅜㅜㅜ,none,0,1,False
여자송혜교 현빈ㅋㅋㅋㅋㅋㅋ이둘이 더만났으면ㅋㅋㅋㅋ,offensive,1,1,True
진짜 여자들은 50키로 넘으면 극혐인듯,hate,1,1,True
둘다 철이없더라....정겨운은 예능하면안되겠더라 특히부인이도움이 안되더군요. 남편의이미지좀 살려줘야하는데 ....안타까워라....,offensive,1,0,False
한국와서살면 그정돈 아무것도아닐텐데....이참에 귀화해라,none,0,1,False
성질드러운깜둥이년나왓네 이년이 성격만좋앗으면 제1의 한현민이엇을건데,hate,1,1,True
그 밥에 그 나물이니 끼리끼리,offensive,1,1,True
안타깝게도 주작 들통났어요 아줌씨낄낄낄,hate,1,0,False
초중등생때부터 박남정이 데리고 방송출연 시키더니 슬슬 제대로 활동하려고 하나보네,none,0,1,False
왜들이 인성이 꼬였나 칭찬해줄 못할망정,offensive,1,1,True
김재중 존잘이더라 ㄷ ㄷ,none,0,1,False
뭔 주인공을 바꿔 미쳤네 이병헌이 나은데,offensive,1,0,False
돈 스파이크 빼고는 다 비호감 출연진들이라 시청할 생각 없음,none,0,0,True
두번째사진 코가 콧구멍만보이네ㅋㅋㅋㄱㅋㅋㄱㅋㅋㅋㅋㅋㅋㅋㅋㅋ,offensive,1,1,True
연예인 중에 제일 귀감가는 분들입니다존경을 뛰어넘어서 위대하십니다,none,0,1,False
내나이 59 지민이에게 끌린다 갑자기 노래한곡 듣고싶다 김혜림의 DDR....,hate,1,0,False
다니엘이 훨씬 아깝다.. 급에 맞게 사귀어야지 에효,offensive,1,1,True
이제 꿈에서 깨어나시고 현실로.. 기레기들도 기사 그만 애청자들도 관심 그만,offensive,1,1,True
김구라 제일 싫다 저놈은 절대 그만둘놈 아니지,hate,1,0,False
신동엽이 일케 연기를 잘하다니,none,0,0,True
홍진영도 생각도 없다 홍진영이 돈 더 잘버는데 ~~ㅋ,offensive,1,0,False
직업정신 투철하고 좋구만^^,none,0,1,False
하필이면 얼굴 중에서 제일 민감한 입술 부상이라니 매우 안타깝지만 치료 잘 받고 조속히 방송에 복귀하길 기원하는 마음이다!,none,0,1,False
채은씨 너무이뻐요~^^선남선녀!!예쁜만남하서요.언론에서 관심을 안가져야 두분이 더 오래가실듯!!!,none,0,1,False
근대 불법이거알면서 방송에 내보내쓸까?이슈될꺼뻔한대? 음 머지,none,0,1,False
힘내세요~ 응원합니다!!,none,0,0,True
아니 뭐 본인이 엄청 유명하고 영향력있는 가수인줄 아나보네.....해외? ㅋㅋㅋㅋ 6년이나 미루다가 이제서야 가는 이유는?,offensive,1,0,False
소름;;짧은예고를 글로 보고 다음 회 다본듯 얼른다음주 ㅎ,none,0,0,True
헐 넘 이쁘네... 성인되면 장난아닐듯 ♡♡,none,0,0,True
야어린기뭘안다고소그ㅡ만하고 내러와,offensive,1,1,True
이마에 모 쳐넣었는지 티 존나 나네 ㅋㅋㅋㅋㅋㅋㅋㅋㅋㅋㅋㅋㅋㅋㅋㅋ,hate,1,1,True
사인은 재앙이지 뭐,hate,1,1,True
맞는 말 하긴 했는데ㅋㅋㅋㅋ 일본에서 말하는 바람에 디지게 쳐맞는 중,hate,1,1,True
다른 사람들 감정은 이해하는데 김현주 감정은 좀 억지. 그래서 고구마.,offensive,1,0,False
손승연 가왕 이후에 계속 라인업 개폭망임 섭외할사람 떨어졌으면 그만하던가... 재미없어 ㅡ,none,0,0,True
아주머니 일하시는 모습 보면서 눈물이 났습니다.우리 엄마 같기도하고 저도 주방에서 일하지만 힘내세요 앞으로 더 좋은 결과가 있길 바랍니다.,none,0,0,True
살아있는게신기ㄷㄷ 쌈디나이가 거의마흔인데 어릴때실종됐는데 ㄷ,none,0,1,False
엠OOO년들 시사방송은 껍데기는 그럴싸해 보이는데 속은 온갖 추측과 감정적인 주장만 난무하는 막무가내식 꼴통이다,hate,1,0,False
난 대리만족이나 해야지,none,0,1,False
악플러말은 믿고거르세요.런닝맨보다 재밌는프로가 어딨다고..악플러도 꼬박챙겨보는 꿀잼예능아니겠어요?ㅋ,none,0,1,False
이년은 촬영거부로 미국으로 튄년이 뻔뻔하기 그지없게 튀나오네 ㅋㅋㅋ,hate,1,1,True
참 불운했던거지요 그대 탓도 다른 사람 탓도 아니네요 그냥 상황이 그리 만들었네요 다만 잘못된 선택을 한 이들이 안따깝습니다 정선희씨는 힘내서 잘 살아주세요!,none,0,0,True
이와중에 기자놈이 라임놀이하네... 연예인이 니 놀잇감이냐?? 가만히있어라 제발.,offensive,1,1,True
딱보면 부사장 숨겨논 딸이지... 그러니 와이프가 기다리는데 간거고,none,0,1,False
전현무 쌍코피 터지겟다....ㅋㅋㅋㅋ,none,0,1,False
헐..나이가 믿겨지지 않네..,none,0,0,True
자기가 로다주 인줄 아는..,none,0,0,True
아직도 죽은 엄마 팔아먹어 관심 받으려고 하는 관종이네...,hate,1,1,True
이제 음악좀 듣자. 충분히 자숙했다.,none,0,1,False
최지우 오랜만에 보니 좋네요~ 임신해도 너무 예뻐요~,none,0,0,True
아니 4명으로도 충분한데 게스트 왜 불러? 벌써부터 입맛떨어진다 ㅠㅠ,none,0,1,False
진짜 기대된다!! 파이팅!!!,none,0,0,True
조민기 안테 피해당했다는데 실체는 없구만..피해자가 직접나서서 고소한것도 아니고 온통 찌라시만 가득.. 저렇게 외도 했다고 하는데 아내가 저럴정도로 애정했을까? 라는 의문투성이.,none,0,1,False
남자들의 로망 신수지... 너마저,none,0,0,True
블랙리스트에 올린 자한당보단 낫지않음?축하하려고 초청한건데 너무 예민하게 반응하네ㅋㅋㅋㅋㅋㅋㅋ자한당은 세금으로 박물관 세울거란다난 좌파 우파 둘다 싫은데 우파가 더 토나옴ㅋㅋ,hate,1,0,False
애들이 엄마를 얼마나 찾았을까 이제 아이들한테 더 잘하세요,none,0,1,False
대단하네 20년 사귀는거면 이젠 그냥 설렘 같은건 없을거 같기도... 그정도 사귀면 면전에 똥방구 뀌기나 트림 하기 등등 다 해봤을듯,offensive,1,1,True
숯은 중국산 쓰지마라.. 어설프게 살아서 가족들 똥수발 들게하지말고 깔끔하게 국내산이다.,offensive,1,0,False
오승환 하고 사귄기간이 짧기 때뮤에 아무일도 없었다고 본다. 그냥 손만 잡고 다녔다고 본다. 저렇게 착한여자가 그런거 했을리가 없다.,offensive,1,0,False
문재인 ㄱH만도 못한것 ㅉㅉ,hate,1,1,True
연예인같지않은 연예인들끼리 어울리면서 연예인놀이 하는구나... 여깃습니다 관심~,hate,1,1,True
뭐유.소유진은 어째 고딩같아유.갈수록 상큼해지네유.,none,0,1,False
이떄다 싶어서 메갈년들 몰려와서 남경 ㅇㅈㄹ 하네 ㅋㅋㅋㅋㅋㅋㅋㅋㅋㅋㅋ,hate,1,1,True
"학력, 인물, 직업, 부자남편, 행복한가정 ㅋㅋ메갈들이 지랄할만하지",hate,1,1,True
그만나오세요 방송나올만큼 잘한것도 없자나요,offensive,1,1,True
다 좋은데 박수홍 엄마좀 안나왔음좋겠다 ㅠㅠ,offensive,1,0,False
여자는 살찌면 성격도 난폭해지더라,hate,1,1,True
관리좀 하자 저건 자연스러운 현상이 아님 충분히 관리할수있는 나이인데 대중한테 노출하는 남배우가 저게 뭐냐 여배우였으면 기자들이 후덕하다가 제목부터 달았겠지.진심 숙연하다,offensive,1,1,True
에휴 퇴출운동서 낸 대표 새끼 일 커지니까 삭제하고 바로 숨었다면서 ? 대표 OOO ㅉㅉ,hate,1,1,True
여러분 절대 보지마세요.. 드럽게 재미없는 3류영화입니다 !!!,none,0,1,False
정신병자 미친여자 하나때문에 이게 무슨 망신이냐??,hate,1,1,True
남궁민은 어쩌고 ㅠㅠㅠ,none,0,1,False
어찌됐든 변기유천같은 과거 약쟁이 연애인아님 ?,hate,1,1,True
이혼녀 오정연이랑 강타는 안어울림. 오정연이 너무 높은곳을 봤네...,hate,1,1,True
와진짜 대박 ㅡㅡ 형한테도 사기치고,offensive,1,0,False
몬엑 인사도 잘하고 인성 좋게 봤는데 뜨니까 저딱식으로 견제가 들어오는구나 한서희 뒤는 꼭 캐봐야 함,none,0,0,True
유이 자연스러워진 연기,none,0,0,True
나의아저씨 이작품도 엎어야해 아저씨 미화시켜나오겠지,offensive,1,0,False
대배우님 절대 잘못한 거 없어요 힘내세요,none,0,0,True
예원 진짜 이뿌다. 노래도 넘 잘불러서 깜놀했다. 예능에서 자주 봤으면 좋겠다.,none,0,0,True
여자 교도소 가고 싶다...킁킁킁,hate,1,1,True
이승윤 매니저 다시 불러라. 케미가 좋은 두 사람의 관계를 굳이 왜 이 시점에 과거사를 들춰 망가뜨리는지 이해가 안간다. 잘나가면 배아픈것이 종특이냐,offensive,1,0,False
가장 천박한애가세상을 구한다모티브,hate,1,1,True
아무리 돈 많이도 못생기면 비우ㅣ상해서 ㅠㅠㅠ,offensive,1,1,True
죽은사람 챙기냐...개념없게,offensive,1,1,True
또 전라도출신이냐 카앜퉤,hate,1,1,True
뻔하지 재민이겠지 ㅋ,offensive,1,1,True
일반인이 연예인 사칭하는 거 보기 안 좋은 듯...자기 발로 연예인 하기 싫다고 뛰쳐나갔으면예능 하차하는 게 맞지전 연예인이라고 전관예우인가빨리 아들 데리고 나가세요,none,0,1,False
참...실수해서 제대로 사과했는데 왜 자꾸들 그러는지,none,0,0,True
어장관리 하는 저질 프로그램,hate,1,1,True
조아라 판사님 정신차리세요 4번째 적발인데 같은 여자라고 편봐주나요?? 최소한의 징역이라도 내려야 정신차리지 으휴...,offensive,1,1,True
일본에서 AV배우로 데뷔하면 대박날거 같아요ㅎㅎ 가수데뷔는 그닥..,hate,1,1,True
기사거리가 될만한 건가여? 관심도 없는데,offensive,1,0,False
세상에 이미 죽은 사람에게 상을 주다니 이게 말이 되냐?,offensive,1,1,True
대통령 연설하는데 재수없게시리쯔쯔.,none,0,1,False
부러우면지는건데 부러우네요 멋져요!,none,0,0,True
혜교님 힘내세요,none,0,0,True
정우성 버금가는 셀카바보..... 어쩜 저렇게 셀카를 못찍음...? 그럴거면 그 얼굴 나 좀...,none,0,0,True
악 해피엔딩 가자구,none,0,1,False
음악퀄은 아직도 3사중에선 오이지야 음악 뮤비 무대 돈을 안아껴,none,0,0,True
제일 예쁜 마음 원호 오빠... 제일 귀여운 토끼 원호 오빠 제일 착한 사람 원호 오빠 사랑해요 이호석 오빠 그리고 원호 오빠,none,0,0,True
근데 진짜 자살할생각이고 자살한 사람보면 자살을 암시하는 어떤 행동도 안하고 진짜 가던데...꼭 힘들다고 자살에 실패하는 사람들이 대부분 저렇게 티내고 시도하고 안죽던데...,hate,1,1,True
그래서 누드도 찍고 그런거넹..,offensive,1,1,True
이렇게하고 제주도 여성 실종 실검 쏙 들어감 어디로 사라짐?,none,0,0,True
애를두고와야 더좋은데 재혼갈건데 아깝네요,hate,1,0,False
정미애씨 예쁜얼굴이죠~~,none,0,1,False
꼴깝 박수칠때 떠나야지 뻐기네,offensive,1,1,True
임신해도 이쁘네요,none,0,0,True
남편이 돈은 많지만 아픈사람과결혼한이유가멀까? 상무형 오래살아요 제바알 ㅠㅠ,hate,1,1,True
아직도 티비 나오네 뻔뻔하다,offensive,1,1,True
애들아 배불렀단다 시청률 0점대 가즈아,none,0,0,True
"요즘같이 개, 고양이 반려동물 문화가 잘돼있는 시기에...ㅠㅠ 그렇게 한남들이 좋던가요? 진짜 실망을 넘어 분노합니다.",hate,1,1,True
여자들 몸둥이 함부로 굴리고 다니면 저리 인생 쫑난다.조심해라!,hate,1,1,True
연기대상 못타니 연예대상 노리시는 분,hate,1,0,False
독끼..나이는.어리지만 멋지네..,none,0,1,False
ㅋㅋㅋㅋㅋ 정존물 ㅋㅋㅋㅋㅋ,hate,1,1,True
마스크걸고 밥쳐먹는ㅅ끼..,hate,1,1,True
이 분 왠지 진국이실 듯~!,none,0,1,False
솔직히 인정할건해야지 한효주 개이쁨;,none,0,0,True
하면 하고 안하면 안하는거지 여시같은게 여시같은짓만 하네 자기 개인트위터도 아니구만 담부터 불확실한건 올리지마,hate,1,0,False
딱봐도 그냥 듣보잡이 이름좀 알려보려고 검색어에 좀 올라가 보려고 스탭한테 머리채좀 잡아달라고 한거네,offensive,1,1,True
아내의 맛은 전복맛인가요?,hate,1,1,True
이 드라마 잼있나요?,none,0,0,True
"이채은 정신차려 남자가 저리 돌진하는덴 이유가 있어 왜 저 나이 먹고 장가 못 갔나 생각 안 해 봤구나 그리고 오씨 ab형이던데,,,,혈액형 무시했다가 개피 본다",hate,1,1,True
아직도 백대표님 백대표님 하면서 자발적 개돼지하는 애들이 많냐,hate,1,1,True
9살 딸이 지금까지 본 주말 드라마 중에 제일 재미없어!!하고 끄고 양치하고 잠.. 새나라의 어린이로 만들어주는 드리마.. 최수종배우님 죄송ㅜㅜ,offensive,1,1,True
화장지웠구만뭘 원래순한인상인데 눈화장때문에 쎄보인것 순둥한얼굴임,none,0,1,False
짱꼴라가 왜 우리나라삼?,hate,1,1,True
남주여주가.. 밍숭맹숭한데..,none,0,1,False
갈사람은 가는게 이치이죠...삼가고인의명복을빕니다,none,0,1,False
걍 폐지해라요즘 무한도전 노잼,offensive,1,1,True
혼전임신이 뭐 요즘 흉도 아니고..혼수라며ㅎ 오히려 요즘 시부모들은 자식들 나이들어 결혼하다보니 불임이니 딩크족보다 차라리 낫다고 좋아하는 분위기라고 그러더라구요,none,0,0,True
ㅋㅋㅋㅋㅋㅋㅋㅋ정말 다 짱,none,0,1,False
기자욕먹는 이유 있네,offensive,1,0,False
실수는 누구나 있는 법...이제부터 잘하면 되요..,none,0,1,False
남자가 한심하게 여장이나하고잇고 토할거같다 랄부그냥 떼라,hate,1,1,True
남녀를 떠나 만 16세 이상인가는 합의하에 성관계해도 불법이아닌데 뭔상관... 돈있으면 일찍 결혼해서 일찍 애낳아 남들보다 중년때 즐기고살기 더좋겠구만,none,0,1,False
그냥 얼굴보고 반해서 빠순이짓 해놓구선 왤케 포장해 ㅋㅋㅋ,hate,1,1,True
이명박이 걸그룹하는나라가 됐구나 만족하니 페미들아?,hate,1,1,True
근데 곽선영 창백한데 모성애 자극하는 연기 목소리도 아나운서 같아서 그런가 난 미나가 제일좋다 미나 바람폈어도 어쩔수없는게 있다고 안아주고싶고 용서해주고싶고 그리고 곽선영 럭셔리하게 예쁘다 굿,none,0,0,True
"레즈인게 문제가 아니라 성룡 내연녀에, 불화 자퇴 가출이 문제인것같은데...",offensive,1,0,False
거 담배좀적당히 쳐피시라니까~~ 결국갔구먼....,offensive,1,1,True
Yg쉐키들 꼴보기도 싫다 이제 그만 나와라 뉴스,offensive,1,1,True
재국의 아이돌?? 이런듣보 그룹도있었나?? 방탄보다 인기없음 관심업슴 케케,offensive,1,1,True
아무리 관리를해도 늙어가는건 어쩔수없다 젊어지려고 용을써봐라 나이를 거슬러갈수있나 60 70살 되어도 20 30살로 보이고 싶냐 혼자 착각하고 사는거지 ㅉㅉ,hate,1,1,True
의리 보기좋으네용~~~~,none,0,0,True
법한도 벗어나 타인에게 범죄 저지른 새 ㄱ기는 그런거 따질 자격 없음.,hate,1,0,False
문씨 고마해라.,offensive,1,0,False
"이새끼는 정말 나이값 못해. 애비도 김지미하고 간통해서 깜방에 가더니, ㅉ",hate,1,0,False
신정환 출연시킨뒤로 관심끊은 프로,none,0,0,True
이런 암퇘지 같은!! 연기할 때도 성기 생각하며 젖어 있는거 아냐??,hate,1,1,True
사고 조심하세요 차에서 살기가 느껴져요,offensive,1,1,True
좌빨라인 운지고요 지리고요,hate,1,1,True
고 김주혁님 돌아가셨을때 김주혁님 기사로 인터넷 도배되니까 그 난리치던 엑소의 개집들이었지 아마? ㅋㅋㅋㅋ,hate,1,1,True
ㅜㅜ 승리를 믿어요 아닐꺼라고...,none,0,0,True
생긴게 수준 이한데 몸매 관리 한다고 수준 올라가나 그 얼굴 안 보고싶다.,offensive,1,1,True
선예 그래도 리즈시절에 가창력만큼은 수준급이었죠? 태연에 비빌만 하죠?,none,0,0,True
난 남자쪽에서 여자를 버렸다는줄 알았는데 자세히 보니까 여자쪽 집에서 남자를 버린것 같은데... 버려놓고 이제와서?;;;,offensive,1,1,True
젊어서 는 뭐하구,offensive,1,1,True
몰몬교 선교사 출신이 필로폰 했다는 게 믿기지가 않는디....,none,0,1,False
공효진 발연기나이질생각이읍던데 왜계속주연일까,offensive,1,1,True
류준열 교회검색^-^,offensive,1,1,True
결혼 잘 해서 행복한듯 보기가 좋내요.,none,0,1,False
양다리든 몇다리든 연예로 범죄자 취급하네 많이 사귈수있지 이게 범죄인양 떠들지 마라 각자알아서 해결하시지 네이버메인에 왜 올라온겨,offensive,1,1,True
다 아티스트인 척 연기하는겨 6개월 작업하고 6주 활동하고 6년 먹고 사는데 오지랖이든 뭐든 그만해,hate,1,0,False
믿고보는 송혜교 케미 기대이상 눈호강함 어제는 인물 소개고 오늘부터 본격 스토리겠지 오늘도 기대,none,0,1,False
어린시절 가정교육 못 받은 애들은 절대 그 본성을 숨길수없지,hate,1,0,False
타이슨 부인 건든놈.. 진짜 대단하다 ㅋㅋㅋ,none,0,0,True
역시 누구랑 다르게 수상소감이 다르다. 어제 후보 들러리 세운다고 분위기 망치고 난장부린 사람이랑은. 대상은 역시 차원이 다름,offensive,1,1,True
옷이 왜저래,offensive,1,1,True
ㅋㅋㅋㅋㅋㅋ 욕하는분들 평생 욕 안해보고 사신분?별게 다 불편해~~~~,offensive,1,1,True
왜 김수현은 오래걸리는거같지?? 이민호는 빨리나오는거같네,none,0,1,False
멋있기만 하구만.이러다 헤어지면 헤어지는거지뭐.연예할때 맘껏 즐기는거 보기 좋은데.내숭보단 훨씬 낫다.화이팅!!,none,0,0,True
약쟁이 빨아주는 국뽕 개돼지들..ㅉㅉ,hate,1,1,True
여자 이쁘다.. 저러니 사귀지 부럽다,none,0,1,False
솔직히 신천지일 가능성도 있지ㅋ.ㅋ,offensive,1,1,True
상화 이뻐졌다,none,0,1,False
전쟁기념관 가는게 이제 추세여?,none,0,1,False
여기서 민주당 중진까지 연결되고 그다음 임종석 문재앙까지 연결되서 탄핵이 시작되면 정말 좋겠습니다 막장 대통령 탄핵이 제 소망이자 희망입니다,hate,1,1,True
더 늙어서 혼자 팍팍 늙어 옆에 돌아봤을때 보살펴 줄 사람 없어봐야 정신차리지 쩝~20대 30대도 아니고 쩝~ 본인 연애니 상관없지만 답답해서 한마디 해봅니다 수고하쇼~,hate,1,1,True
건들지 말아주세요,offensive,1,1,True
나 현빈 닮았는데ㅋ,none,0,0,True
아빠닮으면 남편복있다던데,none,0,1,False
한고은네아기가있으면좋겠다는 생각이들던데욕 먹을 댓글인가 싶기도하고 더 나이먹기전에아기있으면 더 좋을것같은데,offensive,1,1,True
20대다. 연애 많이 해봐라.,offensive,1,1,True
미친짜식~~정준영이나 승리나 쓰레기나이 어린것들이 못 된것만 배워가지고욕도 아깝다,hate,1,0,False
당시 김학래 유부남 아니었나? 그렇게 기억하고 있는데 그럼 첩이지. OOO이 방송에 나오고 역겹다,hate,1,1,True
뚱뚱하고 못생긴 남자는 남자가 아니다. 남잔 늘 아름다움을 유지하고 가꿔야 그게 진정한 남자다.,offensive,1,0,False
진짜 매력쩔어....볼수록매력적...질리지가않음,none,0,0,True
최명길 김소연 모녀로 질질 끌더니 김해숙 조연인가 했더니 암설정으로 연기 포텐 터지게 하는 ㅋㅋ 또 유선 김소연 울고불고 ㅠ 이번엔 김해숙 대상가자,none,0,1,False
가정폭력 피해자한테 그만합시다. 21살은 엄마가 되기에 어렸네요.세상물정도 몰랐을테고요...전남편 하는짓이 완전 ㅇㅇㅊ..힘내세요 이혼잘했어요.마음껏 날아봐요~,none,0,0,True
스트레스로 인한 섭식장애... 걱정됨.,none,0,1,False
좀 더 유리한 조건에 계약 맺고 싶나 보지,none,0,0,True
흑발미녀???장난똥때리냐?????마녀란 말도 아깝다!!!,hate,1,0,False
하은이네 가족만 바라봐도 괜실히 같이 웃게되고 기분좋아지는 행복한 바이러스가 가득한집입니다~~늘 보기좋고 사람이 꽃보다 아름다워란 노래가사처럼 예뻐요♡♡♡하은이네 가족 파이팅~~,none,0,0,True
왜 없나요? 난 김수민아나운서 더 좋이ㅣ졌는데...할말하는 연예인 공인 사람들이 좋아요~~,none,0,1,False
뽕빤넘들 처럼 생기고 말하는거 보니까 양아치스럽던데 그걸 멋으로 알거아냐?ㅋㅋㅋ잔나비인지 잔잔바리인지 뭐시깽이들 꺼져라,hate,1,1,True
누구는 밥과 김치도 제대로 못 먹어 김치 반통 허겁지겁 먹고 잇을때 넌 하수도 오물 통채로 삼키듯 아구창에 쉬는 틈마다 뭘 쑤셧잖아 생각이 안놔⁉️⁉️⁉️,hate,1,0,False
정말 미안하다. ㅠㅠ 난 널 몰라. ㅠㅠ,offensive,1,0,False
간만에 좀 재밌었다 전회장의 빈자리가 아쉽다 전회장 있을땐 의자앉아서 토크만해도 재밌었는데,none,0,1,False
대한민국 더이상 치안안전국가아님 이 사건으로 대한민국 치안 불안정,offensive,1,1,True
오늘 기안 휴지로봇이 살렸네 ㅋㅋ,none,0,0,True
사실만 쓰세요,none,0,1,False
환희 이쁜데 뭐라하지마라 ㅡㅡ,none,0,0,True
나미꼬 야인시대서 처음보고 진짜 스시녀인줄 알었는데 일본여자연기 지렸음,offensive,1,0,False
왠 쪽발이를 출연 햇지 시국이 참나 불쌍한지만,hate,1,0,False
너무 섣부른 판단인듯,none,0,0,True
"김현주, 손예진 자연스런 미모에다가 연기력까지 갖춘 몇안되는 배우.",none,0,0,True
서울도 아니고 대저택이라는건 ... 강남 아파트 한채보다 저렴할텐데 ㅋ,offensive,1,1,True
"로이킴도 똑같다면, 유유상종 이다. 그래도 로이는 아니었음 좋겠다.",none,0,0,True
방금 인스타에 입장문 올라 왔습니다 저는 믿고 기다리기로 했습니다.만약 오보인데 정정 보도 안하면 태어나서 처음으로 항의 전화 하겠습니다.,none,0,1,False
동생은 봐주는거여? 그럼 한효주는 뭔죄로니들이 짓어댓냐?,offensive,1,1,True
역시 여자도 학벌을 보고결혼해야됨. 신재은 연대생이네 ㄷㄷ,offensive,1,1,True
왜들 저러고있는지 깝깝하다. 니들부모님은 아시냐?,offensive,1,0,False
얜 뭔데 자꾸 기사가 나는거야...? 스폰이 빵빵한가봐??,offensive,1,1,True
저 아나운서 이젠 메갈들 용어로 흉자된거임?ㅋㅋㅋㅋㅋㅋㅋㅋㅋㅋㅋㅋ 메갈들 부러워서 키보드 잡고 부들부들 ㅋㅋㅋㅋㅋㅋㅋㅋㅋㅋㅋㅋㅋ,hate,1,1,True
임창정 친한 친구들인가 집안사정을 아주 잘들 아시네 ㅋㅋ 인생을 남욕하면서 허송세월 보내지 마시고 다른곳에서 만족감은 좀 느껴보세요 제발,offensive,1,1,True
박일서! 니가 왜? 그 장소에가서 일을 만들었는데! 너 같은 종자때문에 흥국혀엄 힘드시잖아!,offensive,1,1,True
보고싶은 사람만 보면되지. 싫으면 안보면 그만이다. 괜히 시비걸지 말고 조용히 지나가시길...,none,0,1,False
한고은 부부 재미업어요 ㅠㅠㅠㅠ,none,0,0,True
앞으로 한국에서는 활동하지마라 어디서 무개념미국애데려와서 머하는짓인가몰라,hate,1,0,False
은멸치 개념달고 나대길,hate,1,1,True
또또 발담그는 문죄인이아주 찌질해,hate,1,1,True
ㅋ 난 키 210km,offensive,1,1,True
"문재인은 조작사기단 sm과 방송고위간부및 제작진,언론과의 유착비리 조사하고 구속해라! 국정농단 비리키우는 문재인 탄핵하자!",offensive,1,1,True
담배피던걸로 데뷔길을막냐 담배안피던애들없을텐데,offensive,1,1,True
으.. 여기 양준일 빠는 사람들 공통점: 펭수랑 문재인 좋아함,offensive,1,1,True
차장이 중요한게 아니고 다리놔준거 때문에 아니었나....?,none,0,0,True
개돼지 네티즌은 무었이 진실인지는 중요하지 않고 니편 내편이 중요한거지. 음식에 이념을 갖다 붙이고 비판하는 넘들 진짜 한심한 부류들...,hate,1,1,True
악플좀 달지마라 ㅡ강정호 도 음주운전 상습아니냐,offensive,1,1,True
이본숙이 아니가!,none,0,0,True
부산여중생 사건처럼 가해 여학생이 각목으로 피해 여학생 머리 내리쳐서 피 터트려서피냄새 맡으니까 더 떄리고 싶어 장면 패러디 하면 바로 방통위에서 제재먹을 각 현실은 더 잔인합니다,offensive,1,0,False
과거는 과거로 넘어가야지. 마음에 안들면 고조할배까지 파헤치겠네,offensive,1,1,True
"처음에는 가엾기도 하고 사춘기니 여러 생각이 들겠거니 했는데, 하도 그러니 이젠 지겨워서 별이든, 달이든 알아서 되라고 하고 싶다.",none,0,1,False
어제 완전 웃겼음!ㅋ,none,0,1,False
치과의사나 하지 ㅋㅋ,offensive,1,1,True
"어이, 난 「 너 」를 잊어버린건가--",none,0,1,False
줌마시대 노래도 망했는데 얘 노랠 누가들어,hate,1,1,True
이정도로 성희롱이냐?,offensive,1,1,True
호감2에 비호감2 이젠 딱 좋아,none,0,0,True
구혜선본인이 당당하니까 저렇게 활동하지 안재현은 본인이 잘해서 조용히 있는게아니라 구린게 많으니까 소속사뒤에숨어서 드라마피해갈까봐 조용한거아님 무책임한사람이다,hate,1,0,False
근디 난 조작에 오보방송국 조중동과 일맥상통하는 일베방송국 스브스에서 나온거라서 그닥 믿음이 안가.,offensive,1,1,True
홍정욱님 장례식장에 행거칩은 예의가 아닙니다.,offensive,1,0,False
방관한 우리가 살인자임.그수많은 악플속에서선플하나 남겨두지 못했다.하늘나라 간후에 이리 추모하면 다인가...너무 죄습럽다.,none,0,1,False
사랑이~ 다른사랑으로 잊혀지네~~,none,0,0,True
뭐? 깜놀 설마...말도 안돼.유부남아녀?,offensive,1,1,True
셔누는 피해자잖아요.,none,0,1,False
홍인들 사진을 왜보여주냐 기자야 홍인 냄시,hate,1,1,True
확실히 조급하긴 한가보네...오히려 큐브 소속일때도 이정도로 나오진 않았던 현아 기사가 급속도로 터져나오는걸로 봐선..조급하거나 or 조만간 복귀수순이겠네요,none,0,0,True
전원조작이라니 말도 안되죠그런개소리는 어디서 가져오시는거죠?아 기자님 상상력?,offensive,1,0,False
그나마 블랙 보단 괜찮다.. ㅋ,none,0,0,True
오정연 배 꽤나 아프겠다 ㅋㅋㅋ,offensive,1,1,True
글쎄 두고봐야지 사람은 모르는거다,none,0,0,True
박경은 다른일 알아봐라 머리 쓰는 쪽으로.. 가수로는 빛을 못볼거 같다,none,0,1,False
송중기 응원함~ 오늘 본방 사수♡ 아스달 연대기 재미있음~♡ 안 봤음 어쩔 뻔~,none,0,0,True
송은이는 이하늘 손잡고 나가라 안어울린다,none,0,1,False
이드라마안봐도 뻔한스토리 역시 폐암 말기였어,none,0,0,True
으 여자들 열폭.....,offensive,1,1,True
네 다음 먹튀,hate,1,0,False
"3번으로 탈락을 면 했군, 이제 술수를 부리지말라~티가난다!",none,0,1,False
이모랑 조카느낌...개인적인 생각,offensive,1,0,False
참나 통편집까지... 유영현만 안 나오면 되지이해가 안가네,none,0,1,False
이건 안재현이 바람을 폇어도 안재현 편이다,offensive,1,1,True
잘못은 했지만 한순간실수로 자기인생도밑바닥으로 떨어진 사람도 불쌍하다는 생각이 드네요~,none,0,0,True
소집해제를 전역으로 둔갑시키지 마라,offensive,1,1,True
연기도 생각도 자꾸 죵답이네,none,0,0,True
노출사고가 뭔 자랑이라고 당당이 거기에 왜붙냐?,hate,1,1,True
옌 또 뭐야 ?!,offensive,1,1,True
김태희이년도 남자보는눈깔은없어! 이시언급이랑 결혼이라니!,hate,1,1,True
별로 잘못했다고 생각안함,none,0,0,True
우리 믹키오빠 얼마나 맘고생 심했을까민지는 슬퍼요 ㅜ,none,0,0,True
소민이가 아까벼.연기할때 상대배우도 잘 만나야할듯.,none,0,1,False
삐져주세요 삐지시면 됩니다,none,0,0,True
ㅇㅅㅇ 여자들은 싫어합니다,offensive,1,1,True
아빠가 거기서 왜 나와 ㅋㅋㅋㅋㅋㅋㅋ......,none,0,1,False
전두환 며느리 박상아라던데,none,0,1,False
역시 고딩때 놀던 애들이 결혼도 늙고 돈많은 남자 잘 물어서 간당께. 고딩때 겁나 다 주고 다닌거 왠만한 울산 사람은 다 알지 ㅋ,hate,1,1,True
진짜 한심한국민들 ㅈㄴ게 할짓거리 없나보네..그러니 재앙이나 대통으로 뽑아놓지,hate,1,1,True
세엉이는 다 존예들인듯!! 이세영 박세영 좋으다,none,0,1,False
에이미 제발 조용히 사세요..다른 사람에게 피해주지마라..너로 인하여 아무 이유없이 피해보게 하지마..재수앖네,offensive,1,1,True
치타 랩 너무못,offensive,1,1,True
엑소 아니면 안봄 ㅎㅎ,none,0,0,True
폐미는 레즈비언이 선동한다던데?,hate,1,1,True
솔직히 너무 이뻐졌는데...,offensive,1,0,False
네가 뭔대 입대시기를 맘대로 조절해?...윤두준도 그렇고 언제 입대 할줄도 모르는데 드라마 출연 생각하는 자체가 상당히 오만하다..,offensive,1,1,True
병문안 매니아,hate,1,1,True
근데 궁금한데 이혼하면 시부모나 장인장모랑 어떻게 되냐? 길에서 만나면 어떻게? 되게 궁금하네. 관계가 달라졌으니 서로 뭐라고 호칭할지 어떻게 대할지 궁금해.,none,0,0,True
진짜 난 송혜교 이쁜지 모르겠음. 참고로 31살 남자임.내 블로그 들어오면 알겠지만 남자 맞음.근데 진짜로 난 정미애가 더 이쁠거같음...,none,0,0,True
강철비가 100%라면 신과함께는 85%정도 재밌었다. 이거는 어떠냐,none,0,1,False
설리가 죽은건 죽은거고 조국 구속수사해라,offensive,1,1,True
"장윤정 딸래미, 친정 엄마 랑 똑같이 생겼잖아.",offensive,1,1,True
친일파들 많네,hate,1,1,True
미투 최대 피해자김생민ᆢ불쌍해,none,0,1,False
결혼 축하합니다~ 행복하세요,none,0,0,True
김동명은 뭔가 좀 부족한 느낌이다.목소리에 확 끌어당기는 그런 매력이 전혀 없다.박완규는 못생겼어도 목소리는 나름 매력이 있음.,offensive,1,0,False
이서진좀 그만나와라 에휴,offensive,1,1,True
난그래도 이태임 좋아,none,0,0,True
와 근데 진짜 한효주 예쁘기는 세상에서 제일 예쁘다,none,0,0,True
아시안컵에서 음주파동 일으키고 ㅎㅎㅎㅎㅎㅎ 그거밖에 생각 안남,offensive,1,0,False
남자는 키크고 피부좋고 돈많고 능력있고 성격 싸이코패스나 소시오패스만 아니면 됨,offensive,1,1,True
이걸로 조현씨가 상처받을꺼 없어요 상처입는건 되려 욕한 쿵쾅이들이 더 받을듯 ㅋㅋ 쿵쾅이들아 너희가 거울보니 돼지만 있어서 열받드나?,hate,1,1,True
전형적인 한국의 아줌마상이지...,hate,1,1,True
꼭 둘이 잘되길~~~~좋은소식 목빠지게 기다리고있습니다~^^,none,0,0,True
지현우 나쁜놈,offensive,1,1,True
방정현이라...조선일보 일가 아니야?? 심각하게 의심드는데,none,0,1,False
"남자가 왜 저람~~,,ㅉㅉ",offensive,1,1,True
정연아 힘내라 오빠가 있잖아 니 잘못 아니다..,none,0,0,True
제발 좀 꺼져라,offensive,1,1,True
정해인에게 치여서 현생불가. 인생 처음 입덕 내배우 정해인 고맙고 사랑해❤️❤️❤️ 차기작도 너무 기다리게 하지 마여,none,0,0,True
세월호가 뭔데 이리 호들갑이냐. 뉴스에 나오는건 괜찮고 예능에 나오는건 이리호들갑떨정도로 안되는거냐! 원빈이 라디오스타나오면 아주 호들갑떨거같음.,hate,1,1,True
이 아줌마야 그냥 다른 사람 만나서 결혼하라니까 뭔 청승이노,hate,1,0,False
린이 더 잘했는데ㅠ아쉬움ㅠㅠ,none,0,0,True
